-- phpMyAdmin SQL Dump
-- version 4.6.0
-- http://www.phpmyadmin.net
--
-- Host: 127.0.0.1
-- Generation Time: 2017-06-08 11:06:56
-- 服务器版本： 5.5.49
-- PHP Version: 5.6.28

SET SQL_MODE = "NO_AUTO_VALUE_ON_ZERO";
SET time_zone = "+00:00";


/*!40101 SET @OLD_CHARACTER_SET_CLIENT=@@CHARACTER_SET_CLIENT */;
/*!40101 SET @OLD_CHARACTER_SET_RESULTS=@@CHARACTER_SET_RESULTS */;
/*!40101 SET @OLD_COLLATION_CONNECTION=@@COLLATION_CONNECTION */;
/*!40101 SET NAMES utf8mb4 */;

--
-- Database: `ustb_class_order`
--

-- --------------------------------------------------------

--
-- 表的结构 `admin`
--

CREATE TABLE `admin` (
  `id` int(11) NOT NULL,
  `username` varchar(50) NOT NULL,
  `password` varchar(50) NOT NULL
) ENGINE=InnoDB DEFAULT CHARSET=utf8;

--
-- 转存表中的数据 `admin`
--

INSERT INTO `admin` (`id`, `username`, `password`) VALUES
(1, 'test', 'test');

-- --------------------------------------------------------

--
-- 表的结构 `arrangement`
--

CREATE TABLE `arrangement` (
  `id` int(11) NOT NULL,
  `date_id` int(11) NOT NULL,
  `classroom_id` int(11) NOT NULL,
  `time_id` int(11) NOT NULL,
  `content` text NOT NULL,
  `type` tinyint(4) NOT NULL DEFAULT '0',
  `end_date` varchar(30) NOT NULL
) ENGINE=InnoDB DEFAULT CHARSET=utf8;

--
-- 转存表中的数据 `arrangement`
--

INSERT INTO `arrangement` (`id`, `date_id`, `classroom_id`, `time_id`, `content`, `type`, `end_date`) VALUES
(309, 2, 6, 2, '网格计算与云计算进展专题 第1-16周;:胡长军 \n', 1, '0000-00-00'),
(323, 3, 3, 6, '大学生工程创新\n1-16周\n 王志良 \n', 1, '0000-00-00'),
(328, 3, 6, 1, '高级编程技术(瑞)\n1-15周\n王洪泊\n', 1, '0000-00-00'),
(337, 4, 1, 5, '信号与系统\n1-12周 \n米振强\n', 1, '0000-00-00'),
(344, 5, 1, 5, '微机原理及接口技术\n1-13周\n 解仑 \n', 1, '0000-00-00'),
(347, 5, 4, 5, '智能交互与认知计算专题 1-16周; 班晓娟', 1, '0000-00-00'),
(351, 1, 1, 5, '微机原理及接口技术B 1-12周 解仑', 1, '0000-00-00'),
(361, 3, 6, 2, '高级编程技术(瑞) 1-15周 王洪泊', 1, '0000-00-00'),
(401, 0, 1, 6, '新生集体自习\n', 1, '0000-00-00'),
(402, 0, 2, 6, '新生集体自习\n', 1, '0000-00-00'),
(403, 0, 3, 6, '新生集体自习\n', 1, '0000-00-00'),
(404, 0, 4, 6, '新生集体自习\n', 1, '0000-00-00'),
(405, 0, 5, 6, '新生集体自习\n', 1, '0000-00-00'),
(406, 0, 6, 6, '新生集体自习\n', 1, '0000-00-00'),
(407, 0, 7, 6, '新生集体自习\n', 1, '0000-00-00'),
(436, 2, 1, 6, '新生集体自习\n', 1, '0000-00-00'),
(437, 2, 3, 6, '新生集体自习\n', 1, '0000-00-00'),
(438, 2, 5, 6, '新生集体自习\n', 1, '0000-00-00'),
(439, 2, 7, 6, '新生集体自习\n', 1, '0000-00-00'),
(440, 3, 2, 6, '新生集体自习\n', 1, '0000-00-00'),
(441, 3, 5, 6, '新生集体自习\n', 1, '0000-00-00'),
(442, 3, 6, 6, '新生集体自习\n', 1, '0000-00-00'),
(443, 3, 7, 6, '新生集体自习\n', 1, '0000-00-00'),
(444, 4, 2, 6, '新生集体自习\n', 1, '0000-00-00'),
(445, 4, 3, 6, '新生集体自习\n', 1, '0000-00-00'),
(446, 4, 4, 6, '新生集体自习\n', 1, '0000-00-00'),
(447, 4, 5, 6, '新生集体自习\n', 1, '0000-00-00'),
(448, 4, 6, 6, '新生集体自习\n', 1, '0000-00-00'),
(449, 4, 7, 6, '新生集体自习\n', 1, '0000-00-00'),
(581, 1, 1, 4, '计算机组成原理 5-16周 阿孜古丽', 1, '0000-00-00'),
(595, 2, 1, 2, '计算机组成原理 5-16周 张晓彤', 1, '0000-00-00'),
(596, 2, 1, 4, '计算机组成原理 5-16周 刘宏岚', 1, '0000-00-00'),
(611, 3, 1, 2, '计算机组成原理 5-16周 阿孜古丽', 1, '0000-00-00'),
(633, 5, 1, 1, '计算机组成原理 5-16周 刘宏岚', 1, '0000-00-00'),
(634, 5, 1, 2, '计算机组成原理 5-16周 张晓彤', 1, '0000-00-00'),
(746, 1, 1, 1, '数值计算方法 9-10,12,14,16周 王志明', 1, '0000-00-00'),
(747, 1, 1, 2, '数值计算方法 9-10,12,14,16周 王志明', 1, '0000-00-00'),
(748, 1, 2, 5, '多媒体通信 9-13周 杨扬', 1, '0000-00-00'),
(749, 1, 3, 2, '通信信号处理 9-16周 冯莉芳', 1, '0000-00-00'),
(750, 1, 3, 4, '大学的学习和科学研究方法 11-14周 彭云峰', 1, '0000-00-00'),
(751, 1, 5, 2, '大数据计算与云计算进展专题 9-16周 胡长军', 1, '0000-00-00'),
(752, 1, 6, 2, '宽带无线移动通信 9-16周 陈月云', 1, '0000-00-00'),
(756, 2, 1, 1, '信号与系统概论 9-16周 涂佳静', 1, '0000-00-00'),
(757, 2, 1, 3, '网络安全与管理 9-15周 郭茜', 1, '0000-00-00'),
(758, 2, 2, 1, '机器人组成原理 9-16周', 1, '0000-00-00'),
(759, 2, 2, 3, '信息论与网络编码 9-16周 孙奇福', 1, '0000-00-00'),
(760, 2, 2, 4, '移动互联网 9-16周 黄旗明', 1, '0000-00-00'),
(761, 2, 3, 1, '物联网控制基础 9-16周 郝卫东', 1, '0000-00-00'),
(762, 2, 3, 2, '差错控制编码 9-16周 杨裕亮', 1, '0000-00-00'),
(763, 2, 6, 6, '网络大数据管理与挖掘 9-16周 王昭顺', 1, '0000-00-00'),
(767, 3, 1, 1, '数值计算方法 9-16周', 1, '0000-00-00'),
(768, 3, 1, 5, '信息安全的数学基础 9-16周 王昭顺', 1, '0000-00-00'),
(769, 3, 2, 5, '多媒体通信技术 9-13周 杨扬', 1, '0000-00-00'),
(770, 3, 3, 2, '通信信号处理 9-16周 冯丽芳 ', 1, '0000-00-00'),
(772, 3, 5, 2, '嵌入式系统应用 9-16周 李刚', 1, '0000-00-00'),
(775, 4, 1, 1, '信号与系统概论 9-16周 涂佳静', 1, '0000-00-00'),
(776, 4, 1, 2, '数值计算方法 9-16周 王志明', 1, '0000-00-00'),
(777, 4, 1, 3, '网络安全与管理 9-15周 郭茜', 1, '0000-00-00'),
(778, 4, 2, 1, '机器人组成原理 9-16周 石志国', 1, '0000-00-00'),
(779, 4, 2, 2, '信息论与网络编码 9-16周 孙奇福', 1, '0000-00-00'),
(780, 4, 2, 3, 'Web开发技术 9-16周 石志国', 1, '0000-00-00'),
(781, 4, 3, 1, '物联网控制基础 9-16周 郝卫东', 1, '0000-00-00'),
(782, 4, 3, 2, '差错控制编码 9-16周 杨裕亮', 1, '0000-00-00'),
(785, 5, 1, 4, '信息安全的数学基础 9-16周 王昭顺', 1, '0000-00-00'),
(786, 5, 2, 4, '多媒体通信技术 9-14周 杨扬', 1, '0000-00-00'),
(787, 5, 2, 3, '移动互联网 9-16周 黄旗明', 1, '0000-00-00'),
(788, 5, 5, 2, '嵌入式系统应用 9-16周 李刚', 1, '0000-00-00'),
(790, 5, 6, 1, '马啸（信安1301）（数据库答疑（曾庆峰老师讲台，信安13 物联13））', 0, '0000-00-00'),
(793, 1, 2, 2, '9-16周，石志国老师', 1, '0000-00-00'),
(794, 3, 2, 2, '9-16周，石志国老师', 1, '0000-00-00'),
(795, 1, 4, 4, '新生集体自习  勿删', 1, '0000-00-00'),
(796, 3, 4, 5, '新生集体自习，勿删', 1, '0000-00-00'),
(800, 4, 1, 6, '谢雅婷（通信1403）（学代会座谈会）', 0, '0000-00-00'),
(801, 4, 6, 1, '马啸（信安1301）（计算机网络课程设计）', 0, '0000-00-00'),
(807, 5, 4, 4, '王晨（通信1204）（国防生考试）', 0, '0000-00-00'),
(808, 5, 5, 4, '王立志（信安1302）（国防生考试）', 0, '0000-00-00'),
(810, 4, 6, 4, '李治（博13级）（博士13班民主座谈会）', 0, '0000-00-00'),
(812, 5, 2, 5, '高鸣飞（信安1502）（例会）', 0, '0000-00-00'),
(814, 4, 2, 7, '汪洋（通信1304）（党校培训组织学习）', 0, '0000-00-00'),
(816, 5, 7, 4, '王志陶（计1504）（团日活动）', 0, '0000-00-00'),
(817, 4, 3, 4, '大学的学习和科学研究方法 11-14周 彭云峰', 1, '0000-00-00'),
(818, 4, 2, 4, '汝灿（信安1501）（新生奖学金评议）', 0, '0000-00-00'),
(819, 5, 3, 5, '薛杰（通信1504）（班级期中复习串讲）', 0, '0000-00-00'),
(820, 4, 4, 4, '张在兴（研1507）（开组会）', 0, '0000-00-00');

-- --------------------------------------------------------

--
-- 表的结构 `classroom`
--

CREATE TABLE `classroom` (
  `id` tinyint(4) NOT NULL,
  `room_num` varchar(100) NOT NULL
) ENGINE=InnoDB DEFAULT CHARSET=utf8;

--
-- 转存表中的数据 `classroom`
--

INSERT INTO `classroom` (`id`, `room_num`) VALUES
(1, '203'),
(2, '315'),
(3, '415'),
(4, '721'),
(5, '724'),
(6, '821'),
(7, '824');

-- --------------------------------------------------------

--
-- 表的结构 `class_time`
--

CREATE TABLE `class_time` (
  `id` int(11) NOT NULL,
  `classroom_id` int(11) NOT NULL,
  `time_id` int(11) NOT NULL,
  `info` text
) ENGINE=InnoDB DEFAULT CHARSET=utf8;

-- --------------------------------------------------------

--
-- 表的结构 `date`
--

CREATE TABLE `date` (
  `id` int(11) NOT NULL,
  `name` varchar(100) NOT NULL,
  `date_id` int(11) NOT NULL
) ENGINE=InnoDB DEFAULT CHARSET=utf8;

--
-- 转存表中的数据 `date`
--

INSERT INTO `date` (`id`, `name`, `date_id`) VALUES
(1, '星期日', 0),
(2, '星期一', 1),
(3, '星期二', 2),
(4, '星期三', 3),
(5, '星期四', 4),
(6, '星期五', 5),
(7, '星期六', 6);

-- --------------------------------------------------------

--
-- 表的结构 `guid`
--

CREATE TABLE `guid` (
  `guid` varchar(40) NOT NULL,
  `order_id` int(11) NOT NULL
) ENGINE=InnoDB DEFAULT CHARSET=utf8;

--
-- 转存表中的数据 `guid`
--

INSERT INTO `guid` (`guid`, `order_id`) VALUES
('00865080-D390-A900-4440-E49E06C92410', 504),
('00885A68-CAD2-7C0F-A4C2-5B12E8242DED', 388),
('01ED1BCF-1D14-D366-5DC5-F826DE1D4F66', 239),
('02575B95-5905-E134-3B00-1504152AF617', 380),
('02865A03-A6A3-86D1-C82B-709F15FF097B', 400),
('0383B709-E0AC-A8DC-897A-F2D6E4852508', 249),
('0397223C-E9AB-5ED8-300F-8882392F0BC8', 371),
('03DE6D72-D3C4-D8AE-6432-0C5B778C6B25', 410),
('04AA3DF6-BE19-9896-62D6-E32B778F200D', 150),
('0675F3FE-425F-030E-2DEB-1F1CCBE3A8CA', 465),
('06892B61-EBEA-DAFC-2DF4-EB0145DE1DE2', 391),
('07775D70-BC67-68DB-1071-5E784DD4C4D6', 459),
('08B4F5BD-EFA2-9DD1-0BF4-382DD0DAD3D0', 446),
('096350CD-1453-7401-C7D4-AFE6A1023C7B', 118),
('098A993A-296D-F47A-235B-B31992A0DC25', 206),
('09B80AAA-5E68-FAB9-3B57-66ECFDA4A038', 439),
('0AE3D725-3E0F-CF42-2F75-0A1FDACBF705', 169),
('0B2EEB91-BEB3-0B6F-18B6-4643A8FD3C83', 261),
('0BBB0D63-9DB6-48B8-0307-03DBF611A200', 128),
('0C493FFB-462C-6354-E46D-A3A79AD9AEFC', 392),
('0C5F4B3E-B663-A07F-14F8-531EEB36495F', 357),
('0C96B28A-A661-098A-397B-BEB545C126D3', 490),
('0D0F63E9-9B7C-27E4-9E32-B525E4EC4D58', 107),
('0D327E46-44D1-2D24-5BD1-07AA7377C5AB', 444),
('1050C2ED-5671-9AED-EC76-BA8B0CFCA79B', 430),
('1178BEA2-A19A-C695-A535-9D74E7625B24', 252),
('12A357C6-4F96-5784-8EBC-9F6CCD3BFBC2', 498),
('135B203D-34CC-4991-51A1-C510953DF3F6', 181),
('156C8FCD-9BAB-FD78-7181-6532AB8ECA7D', 234),
('168DAAD0-4481-164E-5E3C-FC098D9C5B01', 467),
('169EFDFA-7E6A-FA40-6AC0-CFFF587D614E', 409),
('1742C681-BF3C-DEB2-25C9-C9D62B7DB4EF', 279),
('17E594E6-C915-3BAB-4346-D4B1A1C8DF01', 427),
('19495CC1-E3C2-EB28-90FD-B0981E3C0DCA', 278),
('1B4279B6-C8CB-7759-A7E0-229234F5B64E', 257),
('1B7AEE6E-4E3D-B8FA-48C1-E35C6BAAFDAB', 316),
('1BA2087E-66A7-6366-E6BA-CD38AD965EF9', 411),
('1DDF39BD-5FA4-AAAE-CDEF-8F71324CFE8A', 131),
('1E652DAD-FE5A-CB90-A364-19A86C36D064', 227),
('1F9D1789-DE56-8C68-5790-325AD7A6FB34', 303),
('20E6CEBF-34AA-B6A6-61C3-5E0DCF03010C', 466),
('20F364B0-B868-BA47-9A22-C1A129C4296A', 399),
('20FBEA2D-D3D7-21DE-98BF-C0C786D7C4C2', 402),
('214DE9BC-500E-D6D9-C70C-1C79D039A7F7', 479),
('226339C9-D899-B406-0304-8E7EF1C9E4E9', 460),
('2290A292-0870-1486-559B-9EE06AF7E76A', 121),
('24514698-DAD6-24E7-ACC5-062A8C8FC801', 482),
('24D8F846-EB0C-593B-BD32-A852D35DD23E', 500),
('24E064DF-AE04-0C89-835F-358FE36A53F1', 397),
('25B90C63-A4BC-7089-5744-B6E1227A8CA9', 373),
('25D730B5-4288-0E3F-A578-12F621EC2B4F', 377),
('26511383-0850-2B26-638E-DE34FFD543C9', 413),
('27CF5663-71C0-BF70-FFF0-695B3C8AE746', 325),
('29BA4947-18CE-2B9F-E392-AC50CB4702A8', 338),
('2AC67B8C-4BA7-6969-871A-F5E38076A277', 368),
('2B8B4CF4-7156-7BB7-FF90-3E58BC99FE36', 362),
('2C624834-6F7A-7DB6-D097-B00C40EE775A', 263),
('3009A024-9153-7633-2F70-B8E23E8CDFF2', 390),
('30E2C49E-BE9D-CB8C-D2B1-752DD681D5FF', 267),
('3127B136-039E-D1C5-1B02-C9A242683A00', 471),
('312D90EE-A079-579B-60A1-44AAF3AD6E30', 221),
('31673133-B942-0DFF-BC1B-D13609E4EFDA', 114),
('318B7320-F27A-0658-1D97-1BDC7E60B30E', 483),
('3235C246-33A1-7CE0-D582-F3745AC2C774', 289),
('34D2B4DE-B002-8E42-1650-144011640525', 340),
('34E270BE-FAEF-C638-FDFD-EBF41DA227C3', 144),
('34E4DC9F-1785-FFA3-A3AF-707A6FACB647', 195),
('36346D9E-3455-6E6E-FC17-2F8959CB81FF', 243),
('365BAA63-31D8-DB8A-0863-E0351DB1E542', 342),
('374BA444-9723-8E09-4D3C-B0A0090DC5A5', 164),
('383DBE2D-EFFD-EBE4-4FFD-CAC8B33AFDEE', 294),
('388BB7CD-1600-59A7-2650-CB4D6DA291D1', 298),
('38FDE353-4111-1AE5-CAC3-3B764F9AAEF8', 496),
('3D181D22-DF11-CAA8-50D8-2AFC9BDDA0F7', 295),
('3D901D54-D54F-EF6B-7F5F-94E2AE4C83E1', 497),
('3EB8AFF0-0705-5F4C-44EA-7C78D4D5CA33', 314),
('3FA5ED1E-0E2C-CF82-16DB-B284E48D14DB', 285),
('3FCA2A8D-1CC1-2CB9-0496-2ED2A8561497', 129),
('40566C07-BC12-2114-EF6F-9FBA5F96E6FE', 464),
('40A71713-7F7E-7CD9-43B2-AC55CA843AD0', 229),
('40F2C4DC-6A4F-CB91-00B9-3FAC7B5018FE', 385),
('424CE54F-AFBA-6F76-7D4B-D6FD9FC7613D', 155),
('430A704F-B206-BCEF-65DA-71DB57CD06F3', 193),
('44D925D5-312D-0507-48E9-0A731356527A', 264),
('4513E475-AC3B-7309-44B1-16DC367E7026', 463),
('4531DA63-FDF1-958C-72EF-27970E3D4E8F', 145),
('46BD9E7A-0F16-4AE8-5746-330211C07BC5', 478),
('484D5902-3C83-3A3B-1F30-9376A56D68EB', 450),
('4878E225-A687-F099-70DF-CE1A0AEA1921', 398),
('4BCE0080-CA40-565C-0973-685409E58215', 417),
('4BD66FF6-B983-8E43-FA01-C6EB7959A3A4', 452),
('4C1FB89F-852E-80C6-4123-7E64DA87F1D6', 383),
('4CA4E141-6682-AA44-5282-2DC59D87ED02', 152),
('4CD82113-C28B-1B8E-DD71-31775EF26FD9', 485),
('4D0B37AD-802A-7CD0-231F-5476B698BBD0', 198),
('50915691-4BD5-217C-BCAA-A1E8CF2238B7', 266),
('5274B724-75DF-B308-3EF2-AEA1977B806E', 419),
('53155ED5-26D1-3AF4-2FEF-D4A8FBA646C7', 416),
('5663CD95-FA03-308C-2BEF-AF70CB093CA5', 462),
('5878AF85-6053-0620-FF18-A68051DD2A55', 94),
('59C1D1C9-01EF-56A5-8F6F-8553F28A0624', 223),
('5A5AFC41-A56A-EFE7-E9B3-C50FB147F918', 333),
('5ABC6643-FC04-B07D-78B3-D13A25A07486', 408),
('5ADC5235-0D27-43CA-B1D2-09F108D478C2', 491),
('5BAF24C9-DDCA-D3A9-0E9B-AC26F90EEA1F', 265),
('5BBD79E5-B1C1-FF5D-EC56-DE902FD2213C', 304),
('5D08BF71-05F4-CDCE-4A73-A5EE6C184D2E', 330),
('5D67E09E-F570-43B2-34BD-D0B36546C650', 158),
('60BCC677-8AB3-0346-5066-75A2E023E3C8', 290),
('611AB3D3-A568-2F75-933D-8ABC8DD05A5D', 328),
('619ADC5E-AD73-E97F-9F75-F33D13F675C1', 211),
('62B432B1-DB25-3148-4755-8597289AB53C', 245),
('633CF308-13AB-FD98-5D82-6A250B9B5750', 146),
('6364AAF8-E12E-6C30-177A-E309F47FD45A', 374),
('654BAF51-72F3-0D0D-F179-7A4E841D8F37', 301),
('6688B100-3E69-3FD1-D139-BE19C36A31E8', 281),
('67CAD958-19DF-B80B-6DCC-AE7217F49BD6', 233),
('6989AC6E-AF36-BC2C-C60B-42678CB3DE44', 253),
('6AE323EA-255A-DBC7-BC8B-C98C735F4B2F', 345),
('6B03CDBE-19B1-1C21-3F2A-6C5531A69BE2', 321),
('6B2E7ED9-A9F8-5254-03A9-F1A5E5BAD342', 317),
('6B4F5E50-DBA5-E865-80A0-5791A3B0F660', 134),
('6C1BBFFE-B8F6-EF38-520E-3C64D598DFDF', 100),
('6D585BC4-B5E4-5360-6B05-AA6500887958', 487),
('6EAE44B5-17E8-F7A3-0D9B-0F0E0901BB91', 470),
('6FE6D7A0-0C29-DBB2-166D-0610DF6AE1E7', 404),
('70089ED8-9DE9-A582-7907-7DDFFDCA50C4', 420),
('71652126-6690-0B1B-F964-83D5BE4CB379', 104),
('71A3089E-DB24-A0A0-ED91-DD9C552E13FA', 309),
('71F9D7E8-3492-7F38-6D18-7D2830777A32', 177),
('72D5CDD1-B282-F25B-FF7C-92990DA3C546', 477),
('7464E9FB-1DCF-4828-A7FB-50C20E9DB49B', 351),
('756D5A8B-47AC-108A-6CE4-1C72D9112F45', 240),
('774628B3-98E8-4890-3908-8E7DF1C0967D', 190),
('77E2449B-B584-C42A-57D0-CE8556D90BA3', 382),
('7B780D2D-07FA-FBF0-81C9-9598FAEA887B', 284),
('7BDCD187-3711-AB7B-F881-15B0DB623CAD', 428),
('7D30A238-10BF-FE42-5723-E06B861F7F8B', 322),
('7DAB9702-81E0-9806-A4EC-C54638EB1106', 276),
('7E33273E-1607-47DE-695C-993FE19D42D1', 454),
('7E4663E1-49F1-CD69-A12F-2E14A84ED7A2', 473),
('7F5F95DB-35D4-CF4F-9191-120CD9C1024C', 358),
('80B8262C-9684-D52C-A18C-29377B40F64A', 331),
('80CD1F37-FC1F-174D-E44A-36EEC065B03C', 442),
('81072143-6AAD-06A1-A26F-8FA2EC308CE0', 113),
('824B6631-A578-53C6-7A72-0E4DE5C12F9D', 350),
('8263D547-7EB3-81A5-1816-4356EBD744BD', 432),
('839CCB3E-97A8-3F84-888B-4B79C33B1C28', 355),
('84722CCF-FBA4-BAC4-9D02-4DF4A693F709', 375),
('847CFCB4-2703-52E0-60AA-7107042CC7BE', 347),
('85048356-4A70-B399-E73E-4797E544F23C', 361),
('857C9E0A-535E-6477-97D2-5C6E77A265CD', 140),
('864EB104-34BB-904D-BD5A-51722EE74403', 324),
('8701007E-4916-6A25-3FC4-1B4D40A0C965', 461),
('8820B16E-4BAB-2043-DCAE-A32CE0ABAFDD', 225),
('89B76421-AC57-B573-30D1-11241465CB7C', 188),
('8B50C86A-F4C1-EC9D-694D-95C350B4FC06', 458),
('8B52BBE4-07FE-90BC-6BE5-24E180D70EF9', 415),
('8B5A76EA-2A41-2ED6-A71C-3E1DB09897C9', 405),
('8C5F5201-1413-B76F-28C2-79A6FE507775', 451),
('92B22ABD-9DD7-BD62-D5DF-8865E593B2A0', 271),
('93157D26-4B87-12BE-9A81-DBEFE9B76017', 224),
('9482A2D6-F47C-E34F-2755-9363BE539D9B', 320),
('94E32D77-4176-BC31-395D-DBC7B4E9A5D3', 493),
('96025847-6497-18A6-6604-3E80CE53C8F2', 161),
('967A1F6E-685C-0829-17E0-A9C32F125AA7', 386),
('9799CB7A-6F8E-44E3-EE8B-C5EB22D975DA', 418),
('9829609C-192D-8F09-C0B8-18885AA97E86', 244),
('99021DB6-6CA7-9C67-5802-D7CE286CFBCA', 494),
('9B2EC875-740F-2FFE-7C26-A825F5960360', 448),
('9B8DB40D-550A-FC22-9206-14D3AA0BEDC6', 288),
('9CE925E4-FBC0-94C8-170B-060F5428C02C', 433),
('9D1C21CB-E9E8-85A8-B0AD-D0E4E4FB5E76', 302),
('9F4AB77A-18AB-8C41-982E-71ACE34D898B', 149),
('A07ECB1E-0888-D64A-523C-EA5225DA822F', 356),
('A11BDFBE-1192-7E2F-9383-94AF746738DA', 489),
('A1A9CF44-9F8B-F4AB-45B0-BEDC194B4F07', 216),
('A2331AD7-7F78-F9F3-C4B6-1CAA5E90BE28', 396),
('A2436272-5912-993E-91B8-713A7D37C8AD', 407),
('A31A036D-9ABB-38A0-7976-0EF0EF576B2E', 97),
('A40E520F-84FE-44F7-46CB-17BA45B6F878', 282),
('A4676051-51D7-5083-431D-B9333C2FB7A6', 248),
('A5828422-0FCB-BAA1-5228-6C2D62B1F462', 370),
('A74D4358-61BA-1F17-713D-E35EC7733CC3', 212),
('A835497E-5F57-BDD5-8347-1922CF4F7633', 346),
('A91E2187-B10A-E2B1-0566-1CA20D35076F', 196),
('A9321FDF-AC96-D0B8-322B-BBA4FB5BCC01', 215),
('A986552D-8EC7-9342-F431-23C9C21679CD', 286),
('A9E20752-6760-A4A5-CDF0-DFF36D2C6CA0', 435),
('AA1F2771-37A5-B8D7-2B02-F20C74BF9A0F', 292),
('AC8D35EC-26AC-BBE4-0AEA-0B2FCC5978E4', 343),
('ACC7F750-89B6-F526-7180-E218F2D56CE4', 431),
('AD159490-C7C9-FABA-DB98-A00AB4B87D83', 165),
('AF3CF57F-8629-E30F-4780-098EE7DA474C', 200),
('AF61EA1E-8E32-5A81-BA9A-BAB137942ABE', 226),
('B0301169-170F-A531-4E1C-CBC097A2246B', 372),
('B0BB191E-2CDE-45D4-D4E1-7FC4F4EA3C61', 192),
('B0E7F0CF-A870-3854-D3C7-18007C29EF5D', 307),
('B1E3C61B-3D0E-4AF0-3AA6-FC24EB21A77F', 296),
('B366AD9F-D4BC-2595-E8D3-7405992F90EC', 349),
('B3909767-BA88-4798-44F2-23AA5B6910D2', 379),
('B46F6C11-2F56-3DC9-E5C7-371E101BF97C', 360),
('B5306F7F-E454-A3CD-530C-A0F6C48D1F04', 499),
('B553CF2F-C055-6428-DB52-30DC7537268B', 480),
('B560BB32-783E-39BE-FC39-1A29AA619B31', 197),
('B571BA28-32F1-64BD-59BF-8E5708A79C4C', 327),
('B596690F-D85D-C3FA-A011-DDE208C36E38', 254),
('B5F87AB4-C8CC-A9CF-D52B-2C1D4792FA3B', 308),
('B7256DC4-D395-5125-0757-56FCBECE2A8E', 319),
('B8CF22A3-8741-7FA8-F890-97782171CF40', 182),
('B921D01D-A877-77E9-5D5D-8A9054793C47', 495),
('B949863B-7FE1-F24D-928A-24D1A8CC2CAA', 449),
('B9EE2B3D-5ECE-6FE8-1285-F3C49931169D', 204),
('BA8C2D39-4F4D-CEB0-9520-97D3AAE24E80', 438),
('BB54CD6F-95DD-D225-503F-9997D983635B', 412),
('BB55AB43-F90B-86AB-4E6B-51A0557609AE', 122),
('BD1BEB0B-27AA-C727-1E4E-2BA79C5B6B62', 421),
('BD84A450-C639-8275-4A58-1AF18FCA9C2E', 401),
('BDD520C8-DD70-0B17-D67A-5F3D780A1CED', 306),
('BE05E8A7-2EDF-18FD-3AD5-9E4F218CC9DB', 213),
('BE099E4B-70BC-A836-438B-895352653408', 354),
('BEAED9D5-C185-9060-969F-DE9B5976618B', 339),
('BEFEF9E5-1E0C-A42E-C24F-088623F9E140', 238),
('BF10E9A7-F2EB-B93D-F7E3-CDD5FAD22B1F', 228),
('BF660B6F-A1DE-11B0-40FC-A484B98E28D7', 270),
('C0DAB410-47E3-55D6-A91F-CA7B2A1420AF', 291),
('C217077F-8652-C3F1-F491-7C566F591CAD', 312),
('C217C279-DBB5-7056-09CD-875D9FEC31D3', 475),
('C2255255-3645-D107-0D10-CC601A43B3A8', 484),
('C3E18E2B-A39F-38B3-EC0D-429345768670', 436),
('C41539C5-BCD7-0BAA-2CA3-3AE8BF87FC46', 468),
('C4E77FD3-AD58-7A11-387E-6D259C54E7D5', 425),
('C52C1F6E-7C76-EE5F-9FF9-C4B8D0A79B73', 151),
('C693F12C-72DE-7097-0C68-53AAB6D1D102', 406),
('C83CDFA6-0BB1-0475-448B-84941BF763B7', 481),
('C8F348C4-2031-F6AB-0B5A-5DD0E359835A', 364),
('CA26E762-E12D-670F-0616-73B012C82563', 441),
('CBE113E8-7D4A-398B-DAD7-0085C9CCED94', 384),
('CCA1140C-3733-82B4-9169-C3F2762444A9', 300),
('CD825638-631A-666F-1AEA-40BE19A5CE17', 403),
('CDA06AAC-9F48-22FF-02B2-4BD82ADB7331', 255),
('CE17964A-69F8-0AB6-EFD3-A0F9618C41D4', 437),
('CFC5D339-934A-5FD2-E219-299D2087618F', 137),
('D091635A-2398-0AF3-2B7A-5C69C0EDD4E8', 153),
('D134F016-50E7-BF76-07A6-24BE8FE06B5B', 443),
('D25FD420-B389-096E-CDD1-AEEE97A32A15', 326),
('D2BE0FEB-ECC8-F2B7-F9BB-0FF94BB687B3', 241),
('D316F8DA-6F43-AF52-C413-9D1B4C4EB34C', 219),
('D3D86252-0D56-5DC0-82BA-4FFBAC2F5372', 147),
('D485532D-F074-F8A4-F0D8-67219625CCE8', 251),
('D49E0662-BC73-DF06-1339-E382218488FF', 341),
('D51EC9D0-D4E0-75F4-6B86-E80F329727F4', 247),
('D78D7AAB-3C48-66F6-C1E8-8310815EA6FA', 154),
('D79911E8-DDC5-920E-1F7F-7A4DF7F81D45', 344),
('D949C749-0D48-F0B7-FEEF-FE77A2D6E87E', 274),
('DA8BFAD2-7EC4-EA7C-C03B-50836593B546', 119),
('DBC50B27-6A44-6E4E-78B5-D3B684B4E18C', 387),
('DCFC1864-1E66-06AD-1CE6-6BCB32AF69BC', 426),
('DDC39EDB-7EE9-EDDF-BAD0-F4388066DA40', 393),
('E075493F-C5C4-DAA2-6261-17E56E2B623E', 363),
('E15D7B00-B4E4-33A7-C5D8-14073BC6BB15', 250),
('E232D106-97A9-BD1F-464E-E0E3F0CD7A56', 501),
('E2BD17D4-D67F-04FF-6DE4-A28510897A93', 348),
('E32B61BD-3A66-A513-5582-32499F9FCDE0', 486),
('E3860D7D-7D3E-4DEE-7F35-EE16C161D30A', 272),
('E4F794A3-C77A-0AE8-FF99-3C307AFFBCF7', 222),
('E571CBC5-A432-6919-9CE3-97BA5F4B0F28', 280),
('E731293F-E81E-2376-46B3-0C6C7A8D26DE', 166),
('E74A64CB-A1DF-4F8E-5712-0159C2244A2C', 120),
('E87243A7-4B50-8EF3-A5B7-8400920596B5', 503),
('E8C17113-C407-A7E1-66E6-E994098DCC70', 117),
('E9AEDEA0-0EF0-E7FC-66F7-00AE961465B6', 422),
('E9FB8B3C-DAF5-B234-A4C1-8FA2AC83014E', 414),
('EA77B896-F0E2-7C13-CDB0-A5041D1983CA', 378),
('EAC08F51-6673-1382-772A-6007D8ABE0FC', 268),
('EB3218BB-7AC7-A4C7-5FFC-590DFA987A89', 472),
('EC83AA62-2201-D208-795F-6B73124D89BC', 299),
('ED2C8D64-C5B9-7D92-18FC-435B58385A12', 305),
('ED6E851A-FC20-7393-FE50-4DEA9A19BC11', 424),
('EDDB5AE6-0977-7C2E-B63F-0579BEC35AF3', 123),
('EDED8C39-D961-9749-77C4-97D28C1A233A', 447),
('EF4BEDB3-F393-C94F-656C-8AE26AC639F4', 456),
('EF6EA2A7-5894-6B82-64FD-D5BB921C55D7', 287),
('F06340E7-46F4-7B81-7980-7C0327C6BB3E', 148),
('F2648F08-E1FB-2C59-A0BC-072896843D00', 310),
('F275C222-AA6B-41A9-D4F6-597CAE382C59', 335),
('F32C6E99-F20F-FC66-6F0C-9A8D1F502712', 359),
('F3D738EF-D018-050D-44B2-6E24753D94F3', 488),
('F3DDCCF3-A191-79C2-D534-F71C3CC124DF', 455),
('F573690A-02C7-BBD0-6407-76926DD7B42F', 381),
('F5DCA211-E8D7-810E-A239-17415B0ABF66', 434),
('F5F382BE-3AE4-CA2E-5EEE-3648F0B25FB3', 315),
('F7117D9F-0851-70E1-1E1A-860846458B19', 440),
('F8A2F42F-8183-1BF2-92D5-F3DE9E308167', 445),
('F8DA901F-AE13-0AED-3770-F7DA5B0CC19A', 352),
('FB8F2969-CAD6-5A29-8E31-60F24D6F15C2', 469),
('FBB566AF-AFC5-23A2-0739-7A53C8749934', 159);

-- --------------------------------------------------------

--
-- 表的结构 `order`
--

CREATE TABLE `order` (
  `id` int(11) NOT NULL,
  `username` varchar(30) NOT NULL,
  `date_id` tinyint(4) NOT NULL,
  `date` varchar(20) NOT NULL,
  `time_id` int(11) NOT NULL,
  `classroom_id` int(11) NOT NULL,
  `status` int(11) NOT NULL,
  `reason` text NOT NULL,
  `commit_time` int(11) NOT NULL,
  `handle_time` int(11) NOT NULL,
  `feedback` text,
  `result_url` varchar(100) DEFAULT NULL
) ENGINE=InnoDB DEFAULT CHARSET=utf8;

--
-- 转存表中的数据 `order`
--

INSERT INTO `order` (`id`, `username`, `date_id`, `date`, `time_id`, `classroom_id`, `status`, `reason`, `commit_time`, `handle_time`, `feedback`, `result_url`) VALUES
(113, 'B1203446', 3, '2015-12-16', 3, 3, 1, 'tuyyu', 1450164813, 1450228022, '', 'http://scce.kalen25115.cn/qrcode/3FC2167C-380B-E9DB-01DE-07260FEC175C.png'),
(116, 'B1205986', 3, '2015-12-16', 7, 2, 2, '测试一下', 1450230171, 1450230295, '不给借', ''),
(117, 'B1205986', 0, '2015-12-20', 1, 2, 1, '一次可以借几个？', 1450230234, 1450230280, '', 'http://scce.kalen25115.cn/qrcode/AD9F5210-0EA4-FE17-00D7-2C7CE42BEA13.png'),
(118, 'B1508804', 6, '2015-12-19', 4, 1, 1, 'CET-6', 1450230281, 1450243522, '', 'http://scce.kalen25115.cn/qrcode/0C937BF6-268C-487D-B33E-6C1132B1830A.png'),
(119, 'A9704055', 6, '2015-12-19', 3, 5, 1, '借个教室', 1450230533, 1450243518, '', 'http://scce.kalen25115.cn/qrcode/01B5AC00-2079-B160-888E-FAFE81068D45.png'),
(120, 'B1508804', 6, '2015-12-19', 4, 1, 1, 'CET4', 1450230915, 1450243515, '', 'http://scce.kalen25115.cn/qrcode/599C4FBA-531D-5F4B-048C-EE7BA649D350.png'),
(121, '41358011', 0, '2015-12-20', 1, 3, 3, '巴拉巴拉', 1450236040, 1450243511, '', 'http://scce.kalen25115.cn/qrcode/F39BB64A-BB15-4B99-C4F6-1C17769BBF53.png'),
(122, '41355001', 3, '2015-12-16', 6, 2, 1, '测试', 1450238006, 1450243507, '', 'http://scce.kalen25115.cn/qrcode/1C92479B-445B-20D2-221D-5EC0998B139E.png'),
(123, 'B1415890', 5, '2015-12-18', 2, 2, 3, '事由', 1450243472, 1450243503, '', 'http://scce.kalen25115.cn/qrcode/ABC44D58-E85C-7DD0-25C2-40D315030F51.png'),
(126, '41459052', 5, '2015-12-18', 2, 2, 2, '开班会', 1450278219, 1450317537, '', ''),
(134, 'S20140917', 3, '2015-12-23', 1, 1, 1, '的', 1450339571, 1450399783, '的点点滴滴大大大', 'http://scce.kalen25115.cn/qrcode/C63A4412-79AC-79DB-DD34-E7BAA0778F12.png'),
(137, 'S20130971', 5, '2015-12-18', 6, 3, 1, '开会', 1450339742, 1450341405, '基老师', 'http://scce.kalen25115.cn/qrcode/2A8D53CC-DDF7-311C-2449-ADE9B005FB0A.png'),
(140, '41356060', 5, '2015-12-18', 1, 1, 1, '开会', 1450371954, 1450399767, '（测试）用生成的二维码到信息楼大厅拿钥匙', 'http://scce.kalen25115.cn/qrcode/F3413D24-2C62-043D-EEF8-C7DD94A3DB67.png'),
(143, 'S20140917', 1, '2015-12-21', 2, 3, 2, '是否能在界面上显示', 1450424387, 1450424616, '不给借', ''),
(144, 'S20140917', 1, '2015-12-21', 7, 5, 3, '测试', 1450424403, 1450424604, '好的', 'http://scce.kalen25115.cn/qrcode/47B51765-E984-D93A-5EEE-40CADE1FD20E.png'),
(145, 'S20140922', 1, '2015-12-21', 7, 5, 1, '21,724,9点半以后\n', 1450424798, 1450424853, '的', 'http://scce.kalen25115.cn/qrcode/51BB0D29-5D66-D855-3115-A5AACE57FE3E.png'),
(153, 'S20140917', 1, '2015-12-21', 1, 1, 1, '的', 1450658032, 1450658066, '的', 'http://scce.kalen25115.cn/qrcode/09A584F0-D2BD-8284-BE61-5F19EC441A86.png'),
(154, 'S20150738', 2, '2015-12-22', 7, 6, 3, '班会', 1450664558, 1451035038, '', 'http://scce.kalen25115.cn/qrcode/8CD7A031-CAD5-6E29-9903-94BE33FA3B34.png'),
(155, 'S20140916', 3, '2015-12-23', 6, 4, 1, '班会', 1450676225, 1451035055, '', 'http://scce.kalen25115.cn/qrcode/D6CEDC16-F21C-2FB5-11A3-604DD9EC5277.png'),
(158, '41458031', 6, '2016-01-09', 1, 4, 3, '习题课', 1451873788, 1451874856, '', 'http://scce.kalen25115.cn/qrcode/88A0CD2D-0930-0686-6E9C-706AEA2C744B.png'),
(159, '41455032', 5, '2016-01-08', 5, 1, 1, '新生教育(学长开讲了)', 1451874878, 1451876914, '用生成的二维码到一层大厅门卫处领取钥匙', 'http://scce.kalen25115.cn/qrcode/97D6C63D-A531-E09D-D396-03BFA80B11C5.png'),
(161, 'B0707161', 4, '2016-01-07', 1, 2, 1, 'RFID考试', 1451896866, 1451913329, '请用生成的二维码到一层大厅领取钥匙', 'http://scce.kalen25115.cn/qrcode/8CF28A8A-72F9-64ED-C89B-3F8260E745B3.png'),
(164, 'S20131502', 2, '2016-01-05', 7, 4, 1, '党员发展大会', 1451964217, 1451964258, '', 'http://scce.kalen25115.cn/qrcode/63D39FB0-8620-95EB-ACD2-0E5981C2896B.png'),
(165, '41255042', 0, '2016-01-10', 7, 3, 1, '开班会', 1452062723, 1452063411, '', 'http://scce.kalen25115.cn/qrcode/5961734B-E351-0851-3CB9-CAFA5E0732B5.png'),
(166, 'S20140826', 4, '2016-01-07', 4, 7, 3, '导师开会', 1452130004, 1452131495, '用生成的二维码到一层大厅取钥匙', 'http://scce.kalen25115.cn/qrcode/87B38FAB-5EFF-3C9D-547E-B18ED26BCF60.png'),
(171, 'S20140892', 2, '2016-01-12', 3, 5, 2, '的', 1452156536, 1452156555, '', ''),
(177, 'S20140838', 5, '2016-01-08', 7, 7, 3, '期末总结会', 1452166432, 1452215197, '用生成的二维码到一层大厅领取钥匙', 'http://scce.kalen25115.cn/qrcode/B9A2F2F6-55AE-E8E9-5DC5-8761C5E345CD.png'),
(185, '41458031', 0, '2016-01-10', 1, 1, 2, '。。', 1452326022, 1452403604, '请注明教室用途', ''),
(188, 'S20140826', 5, '2016-01-15', 1, 4, 3, '课题组开会', 1452499677, 1452500878, '用生成的二维码到大厅借钥匙', 'http://scce.kalen25115.cn/qrcode/41485734-5407-ED8E-E68A-86E478FCC0D7.png'),
(190, 'S20140826', 2, '2016-01-12', 6, 6, 1, '导师开会', 1452502627, 1452560287, '', 'http://scce.kalen25115.cn/qrcode/82080117-075B-08A7-13F3-BA9B297D581A.png'),
(192, '41358011', 5, '2016-01-15', 4, 1, 3, '操作系统答疑', 1452561705, 1452567282, '用生成的二维码到一层大厅领取钥匙', 'http://scce.kalen25115.cn/qrcode/365871AF-6A45-3C1B-CA12-9B65B1B38C80.png'),
(193, 'S20140826', 4, '2016-01-14', 4, 6, 3, '导师开会', 1452649724, 1452665954, '', 'http://scce.kalen25115.cn/qrcode/6E51F0D6-74B4-3C55-BAFD-1E990E136D2F.png'),
(195, '41356060', 6, '2016-01-16', 6, 3, 3, '党支部会议', 1452757460, 1452761271, '用生成的二维码到一层大厅取钥匙', 'http://scce.kalen25115.cn/qrcode/03373A7A-513C-AA97-EAB4-9F83D965C96C.png'),
(196, 'S20150662', 4, '2016-01-14', 7, 4, 3, '预备党员转正大会', 1452761306, 1452773216, '', 'http://scce.kalen25115.cn/qrcode/D504317E-AF4A-A8D7-5B45-4276ECED9F94.png'),
(197, 'S20150662', 6, '2016-01-16', 3, 5, 3, '班级活动', 1452866904, 1452902298, '', 'http://scce.kalen25115.cn/qrcode/45D20EBB-C50F-CDE9-87ED-B31068714487.png'),
(198, 'G20158650', 5, '2016-01-22', 6, 6, 3, '技术沙龙', 1452874926, 1452902292, '', 'http://scce.kalen25115.cn/qrcode/78B20447-0EB7-F4E8-CB60-C4E9CE4433F7.png'),
(200, '41355116', 1, '2016-01-18', 4, 3, 3, '党支部民主生活会', 1453085515, 1453086566, '', 'http://scce.kalen25115.cn/qrcode/68FAC786-D534-15BB-EE06-C3AC55713CE9.png'),
(203, '41356026', 1, '2016-01-18', 4, 2, 2, '党支部用', 1453089636, 1453113427, '这个时间取消了吧？如果这个时间段还用，可再申请一次', ''),
(204, '41356026', 1, '2016-01-18', 5, 2, 1, '党支部开会', 1453089665, 1453113396, '', 'http://scce.kalen25115.cn/qrcode/85D389D1-0E85-3D1C-56AA-B5BA218CB514.png'),
(205, '41356026', 1, '2016-01-18', 4, 4, 2, '党支部开会备用教室。如果315通过了这个可以忽略~', 1453089746, 1453113475, '', ''),
(206, 'B0508584', 3, '2016-01-20', 3, 4, 3, '课题讨论', 1453105052, 1453113483, '', 'http://scce.kalen25115.cn/qrcode/C9CBDA1F-EDBA-5078-2B0F-DEAFE1AD0009.png'),
(210, 'S20140892', 2, '2016-01-19', 1, 5, 2, '的', 1453163999, 1453164019, '', ''),
(211, 'B0003438', 5, '2016-01-22', 6, 2, 3, '开会', 1453171196, 1453171227, '', 'http://scce.kalen25115.cn/qrcode/A7B4E817-DC93-3558-41A8-1152D269F496.png'),
(212, 'B0508372', 2, '2016-01-19', 4, 6, 3, '科研讨论', 1453185913, 1453185970, '', 'http://scce.kalen25115.cn/qrcode/DD62D328-B2BC-87FA-8363-16CD3ED58D28.png'),
(213, 'B0808487', 4, '2016-01-21', 3, 4, 3, '开会', 1453275123, 1453287865, '', 'http://scce.kalen25115.cn/qrcode/A98BF37C-94E5-E8A9-9248-99967410E57E.png'),
(215, 'B0508372', 3, '2016-01-20', 6, 6, 3, '讨论科研', 1453287153, 1453287859, '', 'http://scce.kalen25115.cn/qrcode/E0826213-B65B-40B9-000B-98C6D071C873.png'),
(216, 'B0508372', 5, '2016-01-22', 7, 6, 3, '科研', 1453464917, 1453465335, '', 'http://scce.kalen25115.cn/qrcode/4AAD73E9-3E99-C4EE-D1DA-8B5497C5FE56.png'),
(219, 'B0508372', 2, '2016-01-26', 6, 6, 1, '科研讨论', 1453806257, 1453806337, '', 'http://scce.kalen25115.cn/qrcode/3535D1B4-6B11-2B42-7954-90A18A77B707.png'),
(220, 'B0808487', 2, '2016-02-23', 3, 6, 2, '开会', 1456123948, 1457336870, '', ''),
(221, 'S20140929', 4, '2016-03-03', 4, 3, 3, '开会实验室', 1456820555, 1456820646, '用生成的二维码到一层借钥匙', 'http://scce.kalen25115.cn/qrcode/87BF4B7C-F1E1-F844-6510-035D675E55B2.png'),
(223, '41459009', 3, '2016-03-02', 7, 5, 3, '开会', 1456882884, 1456882940, '用二维码到一层领钥匙', 'http://scce.kalen25115.cn/qrcode/B6E3C603-2BE6-9963-AEE3-5668CBDD21BC.png'),
(224, 'S20140892', 4, '2016-03-03', 6, 5, 3, '甲骨文', 1456888293, 1456888315, '', 'http://scce.kalen25115.cn/qrcode/D607A370-9E45-3C93-6129-417C00E00736.png'),
(225, 'G20158577', 4, '2016-03-03', 4, 4, 3, '开组会', 1456899712, 1456902773, '', 'http://scce.kalen25115.cn/qrcode/7CE246FD-F06F-1140-7FAE-D18B0A2D5AD5.png'),
(226, 'S20140892', 3, '2016-03-02', 6, 1, 3, '开会张媛钰', 1456910438, 1456910453, '', 'http://scce.kalen25115.cn/qrcode/DB0DE549-E90C-663C-3318-DAD8DD3400C5.png'),
(227, 'S20150670', 4, '2016-03-03', 7, 2, 1, '班会', 1456993781, 1456995315, '用生成的二维码到一层大厅领取钥匙', 'http://scce.kalen25115.cn/qrcode/4183EC11-08D1-EE74-7991-77A33CCA5331.png'),
(228, '41356076', 2, '2016-03-08', 6, 2, 1, '班会', 1456996394, 1457050469, '', 'http://scce.kalen25115.cn/qrcode/2A43C558-F62D-2520-AD97-A7F107165CC9.png'),
(229, 'B0508372', 5, '2016-03-04', 6, 3, 3, '科研讨论', 1457054759, 1457054819, '', 'http://scce.kalen25115.cn/qrcode/9035B008-63E6-66DF-C002-31D39BC820A6.png'),
(234, 'ustb806', 1, '2016-03-07', 1, 1, 3, 'ceshi', 1457344250, 1457344266, '', 'http://scce.kalen25115.cn/qrcode/A6D537A6-05BD-89A3-C9F4-662B7BE5F1D5.png'),
(235, '41255109', 2, '2016-03-08', 6, 4, 2, '计1204班会\n', 1457360893, 1457362045, '有安排', ''),
(238, '41524424', 4, '2016-03-10', 4, 2, 3, '班会', 1457427718, 1457427739, '', 'http://scce.kalen25115.cn/qrcode/94A7C3C8-4FBC-4D81-1501-B00AE8FEAE2D.png'),
(239, '41459009', 3, '2016-03-09', 7, 4, 3, '班会', 1457481015, 1457483997, '', 'http://scce.kalen25115.cn/qrcode/98AB4A36-0235-BEE0-43E3-DA4D38C6EDCB.png'),
(240, 'B1421238', 4, '2016-03-10', 6, 1, 3, 'Oracle', 1457483899, 1457484142, '', 'http://scce.kalen25115.cn/qrcode/2F915E89-34D0-EB1C-88BE-810CCEC4EA0C.png'),
(241, 'S20140838', 5, '2016-03-11', 4, 6, 3, '研讨会', 1457492541, 1457507291, '', 'http://scce.kalen25115.cn/qrcode/5F1C1ACF-70AF-6ADD-C8AA-0F16F994461F.png'),
(243, '41524345', 5, '2016-03-11', 4, 2, 3, '班会', 1457513733, 1457514298, '', 'http://scce.kalen25115.cn/qrcode/C3F26113-2E38-7D16-228D-09AE4A7F039E.png'),
(244, '41358011', 5, '2016-03-11', 6, 6, 3, '班委培训', 1457513814, 1457514321, '', 'http://scce.kalen25115.cn/qrcode/14B773C8-1A26-03D6-14DF-30A89DF967EF.png'),
(245, 'S20150662', 4, '2016-03-10', 4, 4, 3, '实验室周会', 1457515318, 1457516874, '', 'http://scce.kalen25115.cn/qrcode/0B38A17E-EEDA-5FCC-2201-E70675A40BAE.png'),
(246, 'S20140892', 5, '2016-03-11', 2, 3, 2, '的', 1457575720, 1457575746, '', ''),
(247, '41524382', 1, '2016-03-14', 2, 5, 3, '通信1503班会', 1457583211, 1457586993, '', 'http://scce.kalen25115.cn/qrcode/D1206A7E-26FC-C654-0BE4-D28FE426ED4F.png'),
(248, '41356060', 4, '2016-03-10', 7, 3, 1, '支部活动', 1457585217, 1457586997, '', 'http://scce.kalen25115.cn/qrcode/06DE9E97-7641-0618-1E54-6DD8F8010BC2.png'),
(249, '41455032', 4, '2016-03-17', 7, 1, 1, '召开计通团学大例会', 1457656414, 1457659510, '', 'http://scce.kalen25115.cn/qrcode/64C4A74D-00E4-AFD9-E198-A275823FC00E.png'),
(250, 'B1540668', 5, '2016-03-11', 3, 5, 3, '班会', 1457663305, 1457664766, '', 'http://scce.kalen25115.cn/qrcode/F672C39E-6371-8845-2008-78CFE496112B.png'),
(251, 'S20131502', 3, '2016-03-16', 3, 2, 1, '招聘会', 1457689247, 1457689427, '', 'http://scce.kalen25115.cn/qrcode/871B8F4E-EF82-42C4-7768-C96B2F69B647.png'),
(252, 'S20131502', 4, '2016-03-17', 1, 2, 1, '招聘会', 1457689279, 1457689424, '', 'http://scce.kalen25115.cn/qrcode/1E705B14-8CB0-FA9B-23C8-8192AD544C77.png'),
(253, 'S20131008', 4, '2016-03-17', 2, 2, 1, '招聘会面试杨明明', 1457689640, 1457689669, '', 'http://scce.kalen25115.cn/qrcode/9CDA65F1-E235-F180-780A-9E95308C9A8D.png'),
(254, 'S20131008', 3, '2016-03-16', 6, 1, 1, '招聘会  杨明明借', 1457690305, 1457690356, '', 'http://scce.kalen25115.cn/qrcode/8BBBDBDC-7EFC-F972-C834-4949A443DA24.png'),
(255, '41524604', 2, '2016-03-15', 1, 2, 3, '开班会', 1457753550, 1457755676, '', 'http://scce.kalen25115.cn/qrcode/20F205BD-62D1-94D7-CFD0-8A94B63560E1.png'),
(257, '41458031', 1, '2016-03-14', 7, 4, 3, '计通青协例会', 1457873074, 1457918831, '', 'http://scce.kalen25115.cn/qrcode/0C52E1E9-D33A-A4C1-3B5E-7803B97EE65E.png'),
(261, 'G20158650', 6, '2016-03-19', 1, 1, 3, '讨论班', 1457929410, 1457937131, '', 'http://scce.kalen25115.cn/qrcode/8C2F4F27-8C68-BBB0-EAF9-3AB6395DB60D.png'),
(263, 'G20158650', 2, '2016-03-15', 1, 5, 3, '实验室开会', 1457936287, 1457937127, '', 'http://scce.kalen25115.cn/qrcode/960FD2CD-4614-B2A5-7F4A-AEE153666B2D.png'),
(264, 'G20158650', 2, '2016-03-15', 2, 5, 3, '实验室开会', 1457936429, 1457937120, '', 'http://scce.kalen25115.cn/qrcode/521B9D10-4A10-B73D-E227-6DD9CBDDB8F8.png'),
(265, 'G20148585', 2, '2016-03-15', 4, 7, 3, '开会', 1457940411, 1457946459, '', 'http://scce.kalen25115.cn/qrcode/B97A2ADE-C9CA-CB2C-8124-90FD7B873CDD.png'),
(266, 'S20131020', 4, '2016-03-17', 6, 1, 1, '杨明明借用，企业招聘会', 1457945033, 1457945087, '', 'http://scce.kalen25115.cn/qrcode/E4E01432-6765-DC2B-7A2B-376B4654B694.png'),
(267, '41459009', 3, '2016-03-16', 7, 4, 3, '班会', 1457947120, 1457947499, '', 'http://scce.kalen25115.cn/qrcode/B7A3D2CE-8A40-7D50-A31D-01742E73F324.png'),
(268, 'S20140916', 2, '2016-03-15', 6, 4, 1, '实验室集体学习', 1457947242, 1457947496, '', 'http://scce.kalen25115.cn/qrcode/17201EA2-27C9-7982-597A-36EE9E1D94C3.png'),
(270, 'S20140892', 2, '2016-03-15', 2, 2, 3, '讨论', 1458003466, 1458003485, '', 'http://scce.kalen25115.cn/qrcode/B9AB079C-75DE-1465-5CED-67A442EC3595.png'),
(271, 'G20158650', 6, '2016-03-19', 2, 1, 3, '讨论班', 1458006183, 1458049851, '', 'http://scce.kalen25115.cn/qrcode/FFDA3727-B801-56D1-9F54-0291A2D85942.png'),
(272, '41459009', 6, '2016-03-19', 5, 4, 3, '新生辩论赛', 1458015737, 1458049827, '', 'http://scce.kalen25115.cn/qrcode/033D9683-EEFE-554B-60F8-288F365465FE.png'),
(274, '41524424', 4, '2016-03-17', 4, 2, 3, '班会', 1458021299, 1458049812, '', 'http://scce.kalen25115.cn/qrcode/9DAFAE2A-D4E2-584C-FC7F-70FA55D1817B.png'),
(276, '41456002', 4, '2016-03-17', 7, 5, 3, '例会', 1458117573, 1458178629, '', 'http://scce.kalen25115.cn/qrcode/44A8C4EE-351B-2375-8791-CBFD5F9B87C4.png'),
(278, 'S20140916', 4, '2016-03-17', 3, 4, 1, '实验室周会', 1458178251, 1458178625, '', 'http://scce.kalen25115.cn/qrcode/3CE71D1A-7D57-5EAB-77EE-24820FF1E8EC.png'),
(279, '41459052', 6, '2016-03-19', 6, 4, 3, '举办新生辩论赛', 1458181547, 1458193452, '', 'http://scce.kalen25115.cn/qrcode/82DD2DB7-AC0C-4521-12D2-1F95F3B2E453.png'),
(280, '41459052', 0, '2016-03-20', 5, 4, 3, '举办新生辩论赛', 1458181573, 1458193471, '', 'http://scce.kalen25115.cn/qrcode/B2E1BF81-DAE5-822A-1F0E-39FE3B8A31FA.png'),
(281, '41459052', 3, '2016-03-23', 4, 4, 1, '举办新生辩论赛', 1458182008, 1458193494, '', 'http://scce.kalen25115.cn/qrcode/4D1F14F7-372E-B708-DC4C-3E6D5BE9559F.png'),
(282, '41357015', 5, '2016-03-18', 6, 1, 3, '国防生工作协会招新会', 1458184239, 1458193429, '', 'http://scce.kalen25115.cn/qrcode/4A156A3D-7A75-BE00-BFBF-155C95023CBD.png'),
(284, '41458031', 0, '2016-03-20', 5, 1, 3, '中医文化社新生见面会，谢谢老师！', 1458206346, 1458222539, '', 'http://scce.kalen25115.cn/qrcode/AC38C0E5-7B54-92A0-7214-15C54F413231.png'),
(285, 'S20140838', 1, '2016-03-21', 4, 6, 3, '研讨会', 1458218212, 1458222562, '', 'http://scce.kalen25115.cn/qrcode/31370746-CF50-95BD-1A32-6E14D2BACF39.png'),
(286, '41458031', 0, '2016-03-20', 4, 4, 3, '用于计通学院新生辩论赛的比赛场地', 1458225514, 1458261046, '', 'http://scce.kalen25115.cn/qrcode/EB9D5786-0AAB-7325-A74B-1C0E0E2AADC3.png'),
(287, '41455011', 5, '2016-03-18', 6, 4, 1, '校学生会媒体部培训', 1458267459, 1458281260, '', 'http://scce.kalen25115.cn/qrcode/2B109722-135E-251B-F7F6-82E0FCB23808.png'),
(288, '41456002', 4, '2016-03-24', 7, 1, 3, '宣讲会', 1458270981, 1458281256, '', 'http://scce.kalen25115.cn/qrcode/86BA13B7-1C06-E9EC-F726-DBE7167743C1.png'),
(289, '41524147', 5, '2016-03-18', 3, 2, 1, '班会', 1458271526, 1458281241, '', 'http://scce.kalen25115.cn/qrcode/A1AECD5D-629A-2EAA-1E6A-153D2D05D1C1.png'),
(290, '41458022', 3, '2016-03-23', 7, 1, 1, '贝壳动漫社迎新会', 1458287713, 1458290807, '', 'http://scce.kalen25115.cn/qrcode/0E918091-2021-17E6-0970-61759CBB9358.png'),
(291, '41359031', 2, '2016-03-22', 7, 1, 1, '国防生开会', 1458290777, 1458290802, '', 'http://scce.kalen25115.cn/qrcode/0D38CFB9-8956-2BC1-4868-6E54AA5ABCEA.png'),
(292, '41524509', 6, '2016-03-19', 1, 4, 1, '班级辩论赛讨论', 1458301765, 1458317746, '', 'http://scce.kalen25115.cn/qrcode/0A6F95C2-9401-C225-8BA8-F9658CE362C9.png'),
(294, '41355116', 4, '2016-03-24', 4, 4, 3, '党支部民主生活会', 1458314959, 1458317743, '', 'http://scce.kalen25115.cn/qrcode/B4636329-F3C1-A101-A488-BA16A2C5B60A.png'),
(295, '41458031', 5, '2016-03-25', 7, 1, 1, '彩虹青协志愿者招募宣讲会', 1458361407, 1458450074, '', 'http://scce.kalen25115.cn/qrcode/6F1BF635-62C0-C31F-DB4B-C849C526AE5F.png'),
(296, 'S20150728', 3, '2016-03-23', 7, 2, 1, '班级党组织生活会', 1458439790, 1458450060, '', 'http://scce.kalen25115.cn/qrcode/D9362B53-17F9-00AC-4192-F14E0D880E90.png'),
(298, '41455032', 2, '2016-03-22', 7, 2, 1, '北京科技大学足球协会辅导与交流', 1458455741, 1458476751, '', 'http://scce.kalen25115.cn/qrcode/8E1CE276-69FA-E3AB-1B0D-63BE279CD18A.png'),
(299, '41458031', 4, '2016-03-24', 7, 7, 3, '志愿者招募宣讲会（调整时间）', 1458472332, 1458476893, '那3月25号的就取消了，如果需要使用请重新申请', 'http://scce.kalen25115.cn/qrcode/8DB83DDE-BCE9-AB58-4459-3CD14388599F.png'),
(300, 's20130970', 0, '2016-03-20', 7, 2, 1, '班会', 1458472625, 1458472662, '', 'http://scce.kalen25115.cn/qrcode/53063605-EFF1-2D95-9112-154BC07E33A1.png'),
(301, 'G20158650', 2, '2016-03-22', 1, 2, 3, '实验室例会', 1458519872, 1458520071, '', 'http://scce.kalen25115.cn/qrcode/0FA3B601-94D5-89A9-E8C9-3838A3217DDC.png'),
(302, 'G20148585', 2, '2016-03-22', 4, 7, 3, '开会', 1458520044, 1458520065, '', 'http://scce.kalen25115.cn/qrcode/83D823FD-93D0-8438-D948-A6B67FE46940.png'),
(303, '41256038', 1, '2016-03-21', 3, 7, 1, '开组会', 1458525455, 1458528397, '', 'http://scce.kalen25115.cn/qrcode/6A286BF8-457C-6493-00A8-2C92BED600E4.png'),
(304, '41456085', 3, '2016-03-23', 7, 3, 3, '班会', 1458529240, 1458530764, '', 'http://scce.kalen25115.cn/qrcode/DAB2622E-D428-C25E-B942-405903316B7E.png'),
(305, '41458031', 3, '2016-03-23', 7, 4, 3, '计通news例会', 1458562416, 1458612029, '', 'http://scce.kalen25115.cn/qrcode/47B266B1-4016-31E5-6E7E-9F7A17A0BE6B.png'),
(306, '41456002', 3, '2016-03-23', 7, 6, 3, '培训', 1458615370, 1458626469, '', 'http://scce.kalen25115.cn/qrcode/AEA56987-12F4-AD04-F8A1-450789DE63A1.png'),
(307, '41524553', 2, '2016-03-22', 5, 3, 3, '排练话剧', 1458620626, 1458626463, '', 'http://scce.kalen25115.cn/qrcode/A9103EB4-DD16-2518-3574-F2818DAEA7CB.png'),
(308, 'G20148617', 2, '2016-03-22', 3, 5, 3, '开会', 1458623371, 1458626447, '', 'http://scce.kalen25115.cn/qrcode/5DBDB949-1DBB-CA6A-A79C-152484238718.png'),
(309, 'B1303767', 2, '2016-03-22', 3, 6, 1, '斯旺西大学学术讲座', 1458627170, 1458634139, '', 'http://scce.kalen25115.cn/qrcode/B1E709D8-709B-B522-9872-9010F7A94F8C.png'),
(310, 'B1303767', 2, '2016-03-22', 5, 6, 1, '学术交流', 1458627198, 1458634135, '', 'http://scce.kalen25115.cn/qrcode/8718D456-0AB5-8C0B-0276-75745689BE62.png'),
(312, '41459009', 3, '2016-03-23', 7, 5, 3, '开会', 1458642155, 1458643433, '', 'http://scce.kalen25115.cn/qrcode/6ADB283C-4F53-9F2F-5345-F53755B7FAEA.png'),
(314, '41256098', 3, '2016-03-23', 3, 1, 3, '国防生开会', 1458642700, 1458643428, '', 'http://scce.kalen25115.cn/qrcode/82189297-82B9-348C-B31F-C6D6B762037E.png'),
(315, '41356110', 3, '2016-03-23', 6, 1, 3, '计通学院国防生开会', 1458644665, 1458697527, '', 'http://scce.kalen25115.cn/qrcode/F754F7D7-6BB9-CA0E-0ED6-831409B99B2E.png'),
(316, 'S20150670', 4, '2016-03-24', 4, 2, 3, '党组织生活', 1458646558, 1458697573, '', 'http://scce.kalen25115.cn/qrcode/2CD4753B-AA88-D788-3413-36AFF62F1400.png'),
(317, 'S20150662', 3, '2016-03-23', 7, 7, 3, '班会', 1458647239, 1458697558, '', 'http://scce.kalen25115.cn/qrcode/E6385F9A-349F-A036-BC7C-38871FD21DDE.png'),
(319, '41358011', 1, '2016-03-28', 7, 1, 3, '微电影大赛宣讲', 1458650488, 1458697614, '', 'http://scce.kalen25115.cn/qrcode/6E981F3E-D8A9-C84C-789B-E350061A1C43.png'),
(320, 'S20150662', 4, '2016-03-24', 7, 5, 3, '组织生活会', 1458650501, 1458697587, '', 'http://scce.kalen25115.cn/qrcode/B85F2180-476B-2C82-EB65-79A04D12B183.png'),
(321, '41459052', 5, '2016-03-25', 6, 4, 3, '举办新生辩论赛', 1458696220, 1458697600, '', 'http://scce.kalen25115.cn/qrcode/F6943C4D-654F-9D1B-3FB7-9A2F22F9B46D.png'),
(322, 'G20158577', 4, '2016-03-24', 3, 4, 3, '实验室周会', 1458698308, 1458698667, '', 'http://scce.kalen25115.cn/qrcode/4230845B-A022-F0DE-8396-BF72459D932B.png'),
(324, '41459052', 0, '2016-03-27', 5, 4, 3, '新生辩论赛举办', 1458699214, 1458714838, '', 'http://scce.kalen25115.cn/qrcode/114BF39E-C89D-E6CD-CDE5-299368974ECC.png'),
(325, '41458022', 1, '2016-03-28', 4, 5, 3, '入党推优大会', 1458702917, 1458714862, '', 'http://scce.kalen25115.cn/qrcode/44971773-A537-0CC8-C493-98E2C16E492C.png'),
(326, '41524553', 1, '2016-03-28', 5, 3, 3, '推优会议', 1458705636, 1458714887, '', 'http://scce.kalen25115.cn/qrcode/F4F717FB-BE32-4DC9-762A-2D884B64F3D2.png'),
(327, '41524509', 2, '2016-03-29', 4, 4, 3, '推优大会', 1458706195, 1458715087, '', 'http://scce.kalen25115.cn/qrcode/8F198A23-D6C0-D96C-5F68-30ED6FB30B06.png'),
(328, '41524509', 2, '2016-03-29', 5, 4, 3, '推优会', 1458706369, 1458715090, '', 'http://scce.kalen25115.cn/qrcode/3F9A3828-3463-CF2E-FD9A-A04641A95F8B.png'),
(330, '41524147', 1, '2016-03-28', 3, 4, 3, '班会', 1458714968, 1458715027, '', 'http://scce.kalen25115.cn/qrcode/E62143D9-AAE3-36AF-273B-0B23CA4F5BA6.png'),
(331, '41524147', 1, '2016-03-28', 4, 4, 3, '班会', 1458714978, 1458715057, '', 'http://scce.kalen25115.cn/qrcode/946D3141-5195-EF03-E697-D18D39290AA2.png'),
(333, 'G20158577', 4, '2016-03-24', 7, 6, 3, '党支部组织生活会', 1458719864, 1458782837, '', 'http://scce.kalen25115.cn/qrcode/CC5E2B04-816A-392F-E803-5F741CAA0CF2.png'),
(335, '41356060', 4, '2016-03-24', 4, 3, 3, '党支部活动', 1458721614, 1458782804, '', 'http://scce.kalen25115.cn/qrcode/9C3C4AF8-CECA-3004-9D47-BA32CC2F86AE.png'),
(338, '41455011', 5, '2016-03-25', 1, 2, 3, '推优大会', 1458742000, 1458782853, '', 'http://scce.kalen25115.cn/qrcode/FFF2CF8E-31A1-1B15-D56B-354CA2EB1959.png'),
(339, '41456085', 1, '2016-03-28', 6, 1, 1, '微电影大赛启动仪式宣讲', 1458743655, 1458782869, '', 'http://scce.kalen25115.cn/qrcode/03A3B058-ED06-B250-6BA1-6DD4E88C2950.png'),
(340, '41524120', 3, '2016-03-30', 5, 2, 3, '入党推优会', 1458777711, 1458783071, '', 'http://scce.kalen25115.cn/qrcode/5D3A47CE-04DA-F871-A3E2-A66DB0BF92AA.png'),
(341, 'G20158577', 4, '2016-03-24', 5, 4, 3, '实验室周会', 1458778687, 1458782825, '', 'http://scce.kalen25115.cn/qrcode/543DDA00-89E1-6B71-C986-643189140299.png'),
(342, 'S20140826', 4, '2016-03-24', 4, 7, 3, '组织生活会', 1458783829, 1458789304, '', 'http://scce.kalen25115.cn/qrcode/7F939FD7-73CD-9D82-9853-20D5900F7A06.png'),
(343, '41524175', 3, '2016-03-30', 6, 1, 1, '院学生会举办辩论赛', 1458795216, 1458799339, '', 'http://scce.kalen25115.cn/qrcode/78C2FE78-00AE-265E-0C74-BDF271EA0E9D.png'),
(344, '41455011', 3, '2016-03-30', 1, 2, 3, '入党推优大会', 1458796328, 1458799354, '', 'http://scce.kalen25115.cn/qrcode/412BD592-90CB-2937-447C-21A3B1EA43C4.png'),
(345, '41458031', 4, '2016-03-24', 7, 4, 3, '志愿者活动培训', 1458799662, 1458800600, '', 'http://scce.kalen25115.cn/qrcode/017E2C30-71CE-D392-2D3D-8E0E95BB537B.png'),
(346, '41524553', 4, '2016-03-24', 6, 1, 3, '排练', 1458804586, 1458811409, '', 'http://scce.kalen25115.cn/qrcode/0C943955-3B30-7734-DADA-52931A9215DF.png'),
(347, '41524641', 1, '2016-03-28', 5, 6, 3, '推优大会', 1458809963, 1458811458, '', 'http://scce.kalen25115.cn/qrcode/5D6478BD-A670-F396-E26D-AA9E23233F58.png'),
(348, '41356026', 1, '2016-03-28', 3, 2, 1, '班会', 1458811029, 1458811441, '', 'http://scce.kalen25115.cn/qrcode/09AFB333-5ECD-0759-A2E8-52620B70B075.png'),
(349, '41359002', 5, '2016-03-25', 1, 5, 1, '班会', 1458811408, 1458811422, '', 'http://scce.kalen25115.cn/qrcode/85286E8A-A1B5-B4D7-8FF1-ED3772DA31AF.png'),
(350, '41456002', 2, '2016-03-29', 2, 5, 3, '入党推优', 1458814750, 1458817019, '', 'http://scce.kalen25115.cn/qrcode/CAA9E59A-A450-5CFB-1A94-C88FD245CAC0.png'),
(351, '41459009', 5, '2016-03-25', 7, 6, 3, '班会', 1458817215, 1458817352, '', 'http://scce.kalen25115.cn/qrcode/AD924A4F-19B7-CCE4-D616-BBC6B229F2AE.png'),
(352, '41459009', 5, '2016-03-25', 6, 6, 3, '班会', 1458817441, 1458817539, '', 'http://scce.kalen25115.cn/qrcode/962A9B29-4723-F1F9-87C0-EE0A07CBE333.png'),
(354, '41456035', 2, '2016-03-29', 3, 2, 3, '入党推优大会', 1458829305, 1458836054, '', 'http://scce.kalen25115.cn/qrcode/4B4C7C2B-D56A-E8D2-B59B-635A7213CCAF.png'),
(355, '41524604', 0, '2016-03-27', 1, 2, 3, '开班会', 1458832655, 1458836034, '', 'http://scce.kalen25115.cn/qrcode/FC935377-4B27-F216-7056-829D55B978A6.png'),
(356, '41524196', 2, '2016-03-29', 3, 3, 3, '入党推优大会～', 1458865411, 1458871697, '', 'http://scce.kalen25115.cn/qrcode/DEBF4738-1B32-7477-584C-1652633E7904.png'),
(357, '41458022', 4, '2016-03-31', 4, 2, 3, '推优大会', 1458867541, 1458871714, '', 'http://scce.kalen25115.cn/qrcode/D78C9AEF-4280-1AD0-C308-27FCBAE11393.png'),
(358, '41456085', 4, '2016-03-31', 7, 3, 3, '行前会', 1458882911, 1458884948, '', 'http://scce.kalen25115.cn/qrcode/9A97DBA9-4BF9-C8FD-E522-B46094FD9469.png'),
(359, 'G20148585', 5, '2016-03-25', 6, 7, 3, '开会', 1458894573, 1458897895, '', 'http://scce.kalen25115.cn/qrcode/9ACAF769-B08F-5484-5FC3-3CA5595F519A.png'),
(360, '41458031', 5, '2016-03-25', 7, 4, 3, '志愿者活动培训', 1458896722, 1458897908, '', 'http://scce.kalen25115.cn/qrcode/0C7FA708-B248-BDBC-D85F-A40FB1A5C11B.png'),
(361, '41256098', 6, '2016-03-26', 4, 4, 3, '篮球裁判上课', 1458901195, 1458904058, '', 'http://scce.kalen25115.cn/qrcode/069DE7A1-6078-9935-D7ED-EA0DABB064DC.png'),
(362, '41456085', 2, '2016-03-29', 4, 5, 3, '推优入党', 1458911944, 1458974528, '', 'http://scce.kalen25115.cn/qrcode/FD64A982-5EA0-53A6-10CE-427FC7B7DBAD.png'),
(363, '41455068', 2, '2016-03-29', 7, 2, 3, '北京科技大学魔方协会第一次社团见面会', 1458965472, 1458974541, '', 'http://scce.kalen25115.cn/qrcode/A3F45BDA-285B-6E2F-D44F-99A6B84DBE55.png'),
(364, '41359031', 0, '2016-03-27', 2, 3, 3, '国防生党支部学习', 1458970686, 1458974481, '', 'http://scce.kalen25115.cn/qrcode/EB57A4FE-BB21-BE06-7773-F4940F0AF538.png'),
(368, '41456116', 2, '2016-03-29', 2, 2, 3, '通信1404入党推优', 1459089518, 1459128506, '', 'http://scce.kalen25115.cn/qrcode/CDC29E5D-CD59-B758-05D1-6D68BFC77452.png'),
(370, '41356026', 1, '2016-03-28', 5, 4, 1, '班会', 1459092048, 1459128484, '', 'http://scce.kalen25115.cn/qrcode/4BCD6FB3-04DA-0C4F-4457-DCA0B57A00A8.png'),
(371, '41256038', 1, '2016-03-28', 3, 7, 3, '开组会', 1459128229, 1459128469, '', 'http://scce.kalen25115.cn/qrcode/86D998C6-788C-D439-35CA-3E4334B82179.png'),
(372, '41359031', 2, '2016-03-29', 5, 3, 1, '国防生工作协会开会', 1459128898, 1459129161, '', 'http://scce.kalen25115.cn/qrcode/8A6C4F3D-8ABB-0223-BE94-4EB899C9A15A.png'),
(373, '41455099', 3, '2016-03-30', 3, 3, 3, '推优大会', 1459129126, 1459129157, '', 'http://scce.kalen25115.cn/qrcode/86745887-2A66-CFF4-7B8C-64270BDD8BC3.png'),
(374, 'B1205986', 1, '2016-03-28', 7, 2, 3, '职协例会', 1459133208, 1459133234, '', 'http://scce.kalen25115.cn/qrcode/3C0EF5D7-0DCF-9C40-E0BD-5D2C29331934.png'),
(375, '41524175', 4, '2016-03-31', 2, 6, 1, '团委开会', 1459150385, 1459158852, '', 'http://scce.kalen25115.cn/qrcode/47031453-1CDA-C915-6428-2C121D752B0C.png'),
(377, '41524147', 1, '2016-03-28', 5, 5, 1, '班会', 1459153719, 1459158828, '', 'http://scce.kalen25115.cn/qrcode/E0DE654E-7148-5173-06A4-C8D3FD3E6A27.png'),
(378, '41357015', 4, '2016-03-31', 6, 1, 3, '国防生工作协会见面会', 1459160147, 1459162697, '', 'http://scce.kalen25115.cn/qrcode/F0B7F477-BD68-92BD-12E9-E871DCF997D0.png'),
(379, '41459009', 4, '2016-03-31', 2, 2, 3, '班委会', 1459180092, 1459215143, '', 'http://scce.kalen25115.cn/qrcode/B5975D8F-CDE5-CE2F-73F4-D0FA00CEC378.png'),
(380, '41456116', 4, '2016-03-31', 4, 5, 3, '志愿者培训', 1459211520, 1459215157, '', 'http://scce.kalen25115.cn/qrcode/2077F9AE-5F74-2A34-30FD-A0CD53CC7A78.png'),
(381, '41358011', 1, '2016-04-04', 7, 3, 3, '开会', 1459213019, 1459215172, '', 'http://scce.kalen25115.cn/qrcode/5464C6EA-622D-880A-85EB-4C1D09C1ED7C.png'),
(382, '41358045', 6, '2016-04-02', 3, 1, 3, '讲座活动', 1459247516, 1459252050, '', 'http://scce.kalen25115.cn/qrcode/9507D068-522E-7DA5-9325-2B04E6A670FA.png'),
(383, '41358045', 6, '2016-04-02', 4, 1, 3, '讲座活动', 1459247539, 1459252046, '', 'http://scce.kalen25115.cn/qrcode/DA136F90-1932-5E61-9AF3-36770CA74036.png'),
(384, 'S20140838', 5, '2016-04-01', 4, 6, 3, '研讨会', 1459299908, 1459302144, '', 'http://scce.kalen25115.cn/qrcode/9930D8B5-B2F9-ABFC-A8D5-EDCAD21B0F7F.png'),
(385, '41456002', 3, '2016-03-30', 7, 4, 3, '例会', 1459301590, 1459302075, '', 'http://scce.kalen25115.cn/qrcode/386D257C-099E-0420-9FD5-45FE8725A6A1.png'),
(386, '41524175', 4, '2016-03-31', 4, 6, 3, '入党推优', 1459309655, 1459324079, '', 'http://scce.kalen25115.cn/qrcode/A0BD9569-16DB-23DF-A43D-6AF499EC20DE.png'),
(387, '41357015', 5, '2016-04-01', 6, 1, 1, '国防生党支部组织生活会', 1459312726, 1459324097, '', 'http://scce.kalen25115.cn/qrcode/A26512A2-8415-17AC-F715-F1BB36084840.png'),
(388, 'S20150662', 4, '2016-03-31', 3, 4, 3, '实验室周会', 1459332669, 1459389326, '', 'http://scce.kalen25115.cn/qrcode/CFB6C79C-99A2-3BA0-AA17-B81FBE80EF98.png'),
(390, 'S20150738', 4, '2016-03-31', 7, 6, 3, '班会', 1459396922, 1459397160, '', 'http://scce.kalen25115.cn/qrcode/C547DB76-4CE1-E6CD-FE1F-CFDB8F637D00.png'),
(391, '41458031', 4, '2016-03-31', 7, 7, 3, '计通青协例会', 1459401355, 1459409087, '', 'http://scce.kalen25115.cn/qrcode/2042E60A-1A5B-79A1-3152-63B2D48E863F.png'),
(392, '41459052', 5, '2016-04-01', 6, 2, 3, '信安1402班会', 1459408961, 1459409084, '', 'http://scce.kalen25115.cn/qrcode/246B872A-58DD-B139-2E3D-CCC82383D29C.png'),
(393, '41524120', 3, '2016-04-06', 7, 4, 3, '开会', 1459497273, 1459779876, '', 'http://scce.kalen25115.cn/qrcode/C85C3FBD-DF4A-E01A-A7AE-77CF45A13F75.png'),
(396, '41524196', 5, '2016-04-08', 4, 5, 3, '班会，成长对话课', 1459750010, 1459780029, '', 'http://scce.kalen25115.cn/qrcode/C4854654-F91C-5B8D-7EBF-0EC6D94E9051.png'),
(397, '41524196', 5, '2016-04-08', 5, 5, 3, '班会，成长对话课', 1459750036, 1459780033, '', 'http://scce.kalen25115.cn/qrcode/65E84DEB-BD7D-49DF-802C-0710B89F102C.png'),
(398, '41524509', 2, '2016-04-05', 4, 4, 3, '班会', 1459750357, 1459779830, '', 'http://scce.kalen25115.cn/qrcode/F146B98E-F224-1034-7FD5-9EB596282555.png'),
(399, '41524553', 3, '2016-04-06', 4, 7, 3, '新生成长研讨课', 1459751034, 1459779860, '', 'http://scce.kalen25115.cn/qrcode/AA4FADA1-9BE3-6BFE-519D-69440D17F7B0.png'),
(400, '41455068', 2, '2016-04-05', 7, 1, 3, '北京科技大学魔方协会新人赛', 1459769660, 1459779637, '', 'http://scce.kalen25115.cn/qrcode/3D52BD50-71F9-4E03-7694-ADA4DFB60EF6.png'),
(401, 'G20148585', 2, '2016-04-05', 4, 7, 3, '开会', 1459817401, 1459819265, '', 'http://scce.kalen25115.cn/qrcode/B1A2788E-74FE-1538-2688-9DFED2A436B0.png'),
(402, '41524120', 4, '2016-04-07', 3, 4, 1, '新生研讨课', 1459817700, 1459819578, '', 'http://scce.kalen25115.cn/qrcode/43D57688-B3D9-F447-8AB4-B95991B3263C.png'),
(403, '41524120', 2, '2016-04-05', 3, 5, 1, '活动', 1459817740, 1459819255, '', 'http://scce.kalen25115.cn/qrcode/E41E7995-5F7D-1F3D-8BE0-B6DB311A374F.png'),
(404, '41456002', 3, '2016-04-06', 7, 6, 3, '例会', 1459828321, 1459862189, '', 'http://scce.kalen25115.cn/qrcode/8ED94560-B028-BD56-A43E-3A2B639B12C7.png'),
(405, 'S20140838', 2, '2016-04-05', 7, 4, 3, '研讨会', 1459832444, 1459862179, '', 'http://scce.kalen25115.cn/qrcode/614EB956-1374-97D3-0DA0-868206D2854A.png'),
(406, '41358045', 1, '2016-04-11', 6, 1, 3, '班级活动', 1459838512, 1459862175, '', 'http://scce.kalen25115.cn/qrcode/69AEFAE7-4DDA-3550-BC56-25249AFEEC7D.png'),
(407, 'S20150662', 2, '2016-04-05', 7, 5, 3, '党支部发展会', 1459844647, 1459862170, '', 'http://scce.kalen25115.cn/qrcode/F7C6B3E3-B763-D866-DE77-484B27E812C2.png'),
(408, 'jttuanxue', 6, '2016-04-09', 3, 2, 1, '志愿活动宣讲会', 1459911368, 1459911450, '', 'http://scce.kalen25115.cn/qrcode/192B967B-4C62-69DF-82EA-ECD618A25D09.png'),
(409, 'jttuanxue', 5, '2016-04-08', 6, 2, 3, '简历精讲讲座', 1459911689, 1459922068, '', 'http://scce.kalen25115.cn/qrcode/AE046787-9B43-E0A9-4440-3A7302739286.png'),
(410, 'S20150662', 4, '2016-04-07', 4, 4, 3, '实验室周会', 1459930728, 1459936157, '', 'http://scce.kalen25115.cn/qrcode/070D898E-E471-F2F3-88F8-02960BB67962.png'),
(411, 'S20150662', 5, '2016-04-08', 4, 4, 3, '科研交流会', 1459934649, 1459936168, '', 'http://scce.kalen25115.cn/qrcode/59CA1E25-3D6F-1C2D-7796-81C20CBD5C65.png'),
(412, '41256098', 5, '2016-04-08', 6, 4, 3, '篮球裁判上课', 1459939912, 1459991316, 'undefined', 'http://scce.kalen25115.cn/qrcode/0E7AF0B4-2E1B-86FB-DDCB-35E799130E5C.png'),
(413, '41455068', 4, '2016-04-07', 7, 2, 3, '北京科技大学魔方协会第一次教学课', 1459955127, 1459991309, 'undefined', 'http://scce.kalen25115.cn/qrcode/6F665FEA-6272-882A-3BAE-AE9C04CF8A80.png'),
(414, '41359031', 4, '2016-04-07', 6, 1, 3, '班会', 1459993788, 1459999182, '', 'http://scce.kalen25115.cn/qrcode/A2A463D6-6673-BBFD-6ECC-DE642FB2F65D.png'),
(415, 'G20158650', 6, '2016-04-09', 1, 1, 1, '讨论班', 1459994186, 1459999199, '', 'http://scce.kalen25115.cn/qrcode/D140104A-A595-1AA2-E024-796F2E792D34.png'),
(416, '41524553', 5, '2016-04-08', 3, 2, 1, '班会', 1460005403, 1460010411, '', 'http://scce.kalen25115.cn/qrcode/42F4E97D-0613-7F6B-013B-1F7248BD4CAD.png'),
(417, '41458031', 0, '2016-04-10', 3, 4, 3, '辩论队面试', 1460015595, 1460020825, '', 'http://scce.kalen25115.cn/qrcode/2AF38995-9D25-0658-93C7-85131486F781.png'),
(418, '41458031', 0, '2016-04-10', 4, 4, 3, '辩论队面试', 1460015615, 1460020822, '', 'http://scce.kalen25115.cn/qrcode/5CD4B3ED-52F3-C76C-8D06-F6C664DC752D.png'),
(419, '41459052', 5, '2016-04-08', 6, 3, 1, '党支部关于“中国精神”的研讨', 1460020998, 1460078356, '', 'http://scce.kalen25115.cn/qrcode/430A08D5-277D-1A9D-3342-5330EC45E239.png'),
(420, '41524604', 5, '2016-04-08', 3, 3, 3, '班会', 1460023062, 1460078352, '', 'http://scce.kalen25115.cn/qrcode/F69151E1-4A9C-B021-5E58-E7EDD0000DA8.png'),
(421, '41256038', 6, '2016-04-09', 6, 2, 1, '社团内部交流', 1460023558, 1460078440, '', 'http://scce.kalen25115.cn/qrcode/9E58F964-79D9-0C2C-D021-5B00FA5FD9DB.png'),
(422, 'G20158650', 6, '2016-04-09', 4, 4, 1, '讨论会', 1460025336, 1460078428, '', 'http://scce.kalen25115.cn/qrcode/A9A83EDE-3481-100B-6ACB-461E3E8C0448.png'),
(423, '41459009', 5, '2016-04-08', 6, 3, 2, '开会', 1460029604, 1460081988, '已经被占用了', ''),
(424, '41459009', 5, '2016-04-08', 6, 1, 1, '例会', 1460082308, 1460083051, '', 'http://scce.kalen25115.cn/qrcode/CA96CE48-93FE-1582-4CCC-CCB6AF3DD673.png'),
(425, '41459009', 0, '2016-04-10', 7, 4, 1, '开会', 1460106955, 1460112230, '', 'http://scce.kalen25115.cn/qrcode/46729FAA-CF13-CC16-23F3-C538D0D6C014.png'),
(426, '41358045', 0, '2016-04-10', 7, 2, 3, '开会', 1460124734, 1460269295, '', 'http://scce.kalen25115.cn/qrcode/8150447A-2ED6-2757-714C-200B50FC815B.png'),
(427, '41458022', 5, '2016-04-15', 6, 5, 3, '贝壳动漫社数码宝贝剧场版放映会', 1460195738, 1460269483, '', 'http://scce.kalen25115.cn/qrcode/B0B32C42-37CC-EE94-BEB6-EFE12CF6E23E.png'),
(428, '41458022', 5, '2016-04-15', 7, 5, 3, '贝壳动漫社数码宝贝剧场版放映会', 1460195755, 1460269487, '', 'http://scce.kalen25115.cn/qrcode/B29CE410-1ECA-306A-29B8-4F91C19535AE.png'),
(429, '41524147', 1, '2016-04-11', 4, 4, 2, '班会', 1460299223, 1460342743, '有安排', ''),
(430, '41459009', 3, '2016-04-13', 7, 4, 3, '微电影大赛后期培训', 1460336838, 1460342776, '', 'http://scce.kalen25115.cn/qrcode/3464DB98-A57A-66EA-F277-85979C3FCB35.png'),
(431, '41524120', 3, '2016-04-13', 7, 6, 3, '开会', 1460340110, 1460342772, '', 'http://scce.kalen25115.cn/qrcode/70D8A829-17D1-6686-3AE7-9FB2640248B2.png'),
(432, 'G20148585', 2, '2016-04-12', 4, 7, 3, '开会', 1460341819, 1460342758, '', 'http://scce.kalen25115.cn/qrcode/2D3E82BE-46CD-8D41-7F78-88C3EBCAB872.png'),
(433, 'S20150662', 1, '2016-04-11', 4, 5, 3, '实验室周会', 1460346648, 1460355454, '', 'http://scce.kalen25115.cn/qrcode/A9A64D0F-77A4-71E2-830A-1B02C67FE7DE.png'),
(434, '41524175', 4, '2016-04-14', 2, 6, 3, '开班会', 1460348467, 1460355459, '', 'http://scce.kalen25115.cn/qrcode/3B6F0DD4-A06D-F8D8-B2EF-D777D8763C9E.png'),
(435, '41458031', 4, '2016-04-14', 7, 7, 3, '计通青协例会', 1460358854, 1460372423, '', 'http://scce.kalen25115.cn/qrcode/036B48F6-8123-8B39-D67E-6B78371E74BA.png'),
(436, 'G20158650', 2, '2016-04-12', 6, 4, 3, '会议', 1460371330, 1460372402, '', 'http://scce.kalen25115.cn/qrcode/76F01BE9-BA9F-A17B-84FA-F6D77D0E4B55.png'),
(437, '41524147', 4, '2016-04-14', 4, 5, 1, '班会', 1460431036, 1460460719, '', 'http://scce.kalen25115.cn/qrcode/1E2CBACC-AF55-AA23-49DD-01076696C8C3.png'),
(438, '41458031', 0, '2016-04-17', 4, 1, 3, '网络安全知识竞赛笔试', 1460434254, 1460460730, '', 'http://scce.kalen25115.cn/qrcode/22D78C73-30C4-8F56-A811-1070E68D5810.png'),
(439, 'S20150670', 2, '2016-04-12', 7, 2, 1, '班会', 1460440244, 1460460701, '', 'http://scce.kalen25115.cn/qrcode/9CFA670A-9130-1C06-8F80-3C5CE645B327.png'),
(440, 'G20158577', 4, '2016-04-14', 4, 4, 3, '实验室周会', 1460509939, 1460511583, '', 'http://scce.kalen25115.cn/qrcode/B024CCBF-AE9B-B25A-E7DA-45D780DCBF1E.png'),
(441, '41524196', 3, '2016-04-13', 6, 4, 3, '开会', 1460512520, 1460518480, '', 'http://scce.kalen25115.cn/qrcode/128E20A6-05A3-9CF4-BF1A-CB809C610A3B.png'),
(442, 'jttuanxue', 4, '2016-04-14', 6, 1, 3, '讲座', 1460537350, 1460554379, '', 'http://scce.kalen25115.cn/qrcode/974FDDDD-87FE-AC9F-D269-89E945B774C7.png'),
(443, '41524382', 4, '2016-04-14', 2, 2, 1, '班级同学入党推荐介绍大会+班级微电影讨论', 1460540680, 1460554374, '', 'http://scce.kalen25115.cn/qrcode/2FB78502-ACE6-3CC1-2B1B-D3EE693E18D3.png'),
(444, '41455068', 4, '2016-04-14', 7, 3, 3, '北京科技大学魔方协会第二次教学课', 1460557981, 1460596366, '', 'http://scce.kalen25115.cn/qrcode/4ECB828F-2495-468F-2E5C-8D3A9C85E28A.png'),
(445, '41356060', 6, '2016-04-16', 6, 4, 3, '培训', 1460591179, 1460596509, '', 'http://scce.kalen25115.cn/qrcode/3AE81057-F005-CA81-7D8D-C31419D899E7.png'),
(446, 'S20130971', 6, '2016-04-16', 3, 1, 1, '自动化借用研会活动', 1460596250, 1460596314, '', 'http://scce.kalen25115.cn/qrcode/65A0E472-FA03-2B53-22A0-D223D7B54587.png'),
(447, '41455011', 5, '2016-04-15', 6, 2, 3, '班会', 1460601381, 1460603356, '', 'http://scce.kalen25115.cn/qrcode/B5C1EE2A-2B44-041A-59EE-AEA5052424F2.png'),
(448, '41256098', 5, '2016-04-15', 6, 4, 1, '篮球裁判课', 1460615884, 1460625958, '', 'http://scce.kalen25115.cn/qrcode/FB20CD1C-023C-0AC3-093E-90012470DF36.png'),
(449, 'ustb806', 4, '2016-04-14', 2, 5, 3, '测试app', 1460620012, 1460620023, '', 'http://scce.kalen25115.cn/qrcode/FA3C9112-A988-22E4-5F87-6B330469EB10.png'),
(450, '41355116', 6, '2016-04-16', 4, 4, 3, '开展党支部活动', 1460628620, 1460683714, '', 'http://scce.kalen25115.cn/qrcode/6461EE50-5633-E141-3D9D-A4EAB2E0CB81.png'),
(451, '41455099', 5, '2016-04-15', 7, 2, 3, '党校班会', 1460637762, 1460683674, '', 'http://scce.kalen25115.cn/qrcode/D4267B0A-51DA-33F9-F09E-4EDBC45B0A15.png'),
(452, '41459052', 5, '2016-04-15', 6, 6, 3, '辩论外校友谊赛', 1460637898, 1460683657, '', 'http://scce.kalen25115.cn/qrcode/0ACE09C7-330F-0795-F8BC-86D1CDCCF89C.png'),
(453, '41455068', 5, '2016-04-15', 7, 2, 2, '北京科技大学魔方协会第三次教学课', 1460647035, 1460683698, '有安排', ''),
(454, '41359031', 5, '2016-04-15', 6, 3, 3, '国防生工作协会开会', 1460688812, 1460708980, '', 'http://scce.kalen25115.cn/qrcode/AE376D00-BD17-7D24-A531-389114A231A7.png'),
(455, '41458031', 1, '2016-04-18', 6, 1, 3, '网络安全知识竞赛笔试加试', 1460692431, 1460708991, '', 'http://scce.kalen25115.cn/qrcode/E0FC9ED0-9F6C-E80D-07A0-C61C57C3C518.png'),
(456, '41455068', 5, '2016-04-15', 7, 3, 3, '北京科技大学魔方协会第三次教学课', 1460694279, 1460709036, '', 'http://scce.kalen25115.cn/qrcode/23DF061B-ABF5-F84D-0247-2057AC3D8F5E.png'),
(458, '41256038', 1, '2016-04-18', 3, 7, 3, '开组会', 1460948726, 1460949318, '', 'http://scce.kalen25115.cn/qrcode/46C45FB1-A17D-5C84-6F31-1C96594098FC.png'),
(459, '41459052', 1, '2016-04-18', 7, 4, 3, '辩论赛', 1460951516, 1460975799, '', 'http://scce.kalen25115.cn/qrcode/F1BCF45A-C75F-E438-6437-70B7800D8271.png'),
(460, '41524553', 2, '2016-04-19', 6, 2, 3, '拍摄微电影', 1460964214, 1460975812, '', 'http://scce.kalen25115.cn/qrcode/5BD12C9F-5069-0B80-A277-723EC64E84B1.png'),
(461, 'S20150662', 2, '2016-04-19', 7, 7, 3, '班级开会', 1460969433, 1460975823, '', 'http://scce.kalen25115.cn/qrcode/7FD0B1D3-2668-9200-5FFE-2C4D0FF73F2C.png'),
(462, '41524553', 3, '2016-04-20', 7, 4, 3, '新闻中心例会', 1460975755, 1460975834, '', 'http://scce.kalen25115.cn/qrcode/A975218A-D110-8675-2AD3-D5BDA630B652.png'),
(463, '41456085', 4, '2016-04-21', 6, 1, 3, '学院召开学代表分团会议', 1460985535, 1460987978, '', 'http://scce.kalen25115.cn/qrcode/582EC60B-0213-7BA5-7458-4BEA26ABD22F.png'),
(464, '41458022', 2, '2016-04-19', 7, 6, 3, '模拟辩论', 1461032323, 1461046599, '', 'http://scce.kalen25115.cn/qrcode/73CB2F78-4040-AA00-C607-9C171CF41224.png'),
(465, 'B20140390', 2, '2016-04-19', 6, 4, 3, '学术报告', 1461047737, 1461047753, '', 'http://scce.kalen25115.cn/qrcode/35D485FA-0685-BAB5-6AF8-6DD30EFDF1A1.png'),
(466, 'G20148585', 4, '2016-04-21', 4, 7, 3, '开会', 1461119319, 1461131200, '', 'http://scce.kalen25115.cn/qrcode/17C30407-79D8-8802-CCF8-AB713EA17744.png'),
(467, '41458022', 3, '2016-04-20', 7, 6, 3, '模拟辩论', 1461126508, 1461131178, '', 'http://scce.kalen25115.cn/qrcode/EA1E9419-66B1-923E-F606-31F7FA744BAE.png'),
(468, 'S20150662', 4, '2016-04-21', 4, 4, 3, '实验室周会', 1461196769, 1461207570, '', 'http://scce.kalen25115.cn/qrcode/D2D4C6E3-D897-C9E4-E1F6-CAF4514BFF20.png'),
(469, '41256098', 5, '2016-04-22', 6, 4, 1, '篮球裁判课', 1461214398, 1461217023, '', 'http://scce.kalen25115.cn/qrcode/11A39CA2-9B33-C677-2BD8-D326CF92F952.png'),
(470, 'S20140838', 1, '2016-04-25', 3, 7, 3, '组会', 1461227298, 1461229793, '', 'http://scce.kalen25115.cn/qrcode/C45F981F-599D-C18E-26AA-B4B57368D376.png'),
(471, 'S20150710', 1, '2016-04-25', 4, 7, 3, '例会讨论', 1461303849, 1461306215, '', 'http://scce.kalen25115.cn/qrcode/DAD2FCBD-AFE5-A367-E0B6-4352DC0C20F7.png'),
(472, 'S20140929', 5, '2016-04-22', 6, 2, 1, '第十期党校培训班6班开会', 1461317208, 1461333653, '', 'http://scce.kalen25115.cn/qrcode/579199B0-D5A7-7697-B342-BC7B76036C48.png'),
(473, '41524382', 0, '2016-04-24', 4, 5, 3, '通信1503团日活动', 1461339555, 1461379743, '', 'http://scce.kalen25115.cn/qrcode/712A7C2D-33E8-89CF-6F7C-069E0DC3AFBF.png'),
(475, '41524424', 1, '2016-04-25', 4, 2, 3, '期中集体自习', 1461426824, 1461492070, '', 'http://scce.kalen25115.cn/qrcode/063E0189-1894-304D-59F9-57E6FB13A856.png'),
(477, '41359002', 5, '2016-04-29', 1, 6, 1, '数据库答疑（曾庆峰老师讲台，信安13 物联13）', 1461488609, 1461492091, '', 'http://scce.kalen25115.cn/qrcode/C5C67224-12B1-416E-D7E7-FA8274FABD88.png'),
(478, '41456085', 2, '2016-04-26', 7, 2, 1, '大二创业主题团日活动通知会议', 1461498544, 1461502266, '', 'http://scce.kalen25115.cn/qrcode/E44CFAE2-0BCB-66A5-9201-C5DEEA2EDBCD.png'),
(479, '41459009', 3, '2016-04-27', 7, 3, 1, '计通组织部给13级开团日活动说明会', 1461544351, 1461547958, '', 'http://scce.kalen25115.cn/qrcode/6F6F5126-7FD4-E92D-0605-967EF17EDAF9.png'),
(480, 'S20140892', 2, '2016-04-26', 3, 4, 1, '开会', 1461554577, 1461554611, '', 'http://scce.kalen25115.cn/qrcode/761D4B07-F518-0930-0750-CDFDC1CE159C.png'),
(481, 'S20140892', 2, '2016-04-26', 4, 4, 1, '开会', 1461554588, 1461554607, '', 'http://scce.kalen25115.cn/qrcode/A6644741-BD91-9088-77CE-6439491ABD5C.png'),
(482, '41456085', 4, '2016-04-28', 6, 1, 1, '学代会座谈会', 1461570332, 1461591514, '', 'http://scce.kalen25115.cn/qrcode/5D5C314F-D8AA-8C18-171B-4A2BC20D809A.png'),
(483, '41359002', 4, '2016-04-28', 1, 6, 1, '计算机网络课程设计', 1461578211, 1461591526, '', 'http://scce.kalen25115.cn/qrcode/609C8A8A-4FEC-B53E-E43D-7D56DB7001CD.png'),
(484, '41524120', 3, '2016-04-27', 5, 7, 3, '班级团会', 1461587016, 1461591501, '', 'http://scce.kalen25115.cn/qrcode/984E0D4B-783B-C015-7BDD-9553FA970980.png'),
(485, 'B0808487', 3, '2016-04-27', 3, 5, 3, '开会', 1461637331, 1461650212, '', 'http://scce.kalen25115.cn/qrcode/2CDEAB6C-620F-9D7C-6C2D-2040295D5C0B.png'),
(486, 'B0808487', 3, '2016-04-27', 4, 5, 3, '开会', 1461637366, 1461650215, '', 'http://scce.kalen25115.cn/qrcode/1E757164-E5B3-E942-FFE5-9F7C345CCB23.png'),
(487, 'B0808487', 3, '2016-04-27', 6, 4, 3, '开会', 1461637549, 1461650219, '', 'http://scce.kalen25115.cn/qrcode/74F44D2E-0E86-5A5E-97A9-F79A162F5839.png'),
(488, '41358011', 2, '2016-04-26', 5, 3, 3, '开会', 1461647736, 1461650135, '', 'http://scce.kalen25115.cn/qrcode/19EBD354-F58A-4C4F-41FB-2C3F0C81CDBF.png'),
(489, '41256098', 5, '2016-04-29', 4, 4, 1, '国防生考试', 1461651101, 1461654992, '', 'http://scce.kalen25115.cn/qrcode/4C7996F8-6CA6-B01C-717B-85CCE6D2C6BE.png'),
(490, '41359031', 5, '2016-04-29', 4, 5, 1, '国防生考试', 1461651516, 1461654995, '', 'http://scce.kalen25115.cn/qrcode/D2286E25-CF44-0BDD-C46B-B44CE0C31C0F.png'),
(491, '41358011', 3, '2016-04-27', 7, 4, 1, '新闻中心例会', 1461654512, 1461654958, '', 'http://scce.kalen25115.cn/qrcode/6C8BF4BB-14A6-2726-0724-99C8C8D11619.png'),
(493, 'B20130381', 4, '2016-04-28', 4, 6, 1, '博士13班民主座谈会', 1461664360, 1461667057, '', 'http://scce.kalen25115.cn/qrcode/87BFAC3D-4631-B3DC-EC3C-11C79E517187.png'),
(494, '41524509', 3, '2016-04-27', 7, 1, 1, '开会', 1461666390, 1461667037, '', 'http://scce.kalen25115.cn/qrcode/DD890EE9-DCA9-C09B-9F85-54ECB88423C4.png'),
(495, '41524382', 3, '2016-04-27', 7, 2, 3, '院组织部召集团支书开会', 1461670049, 1461670089, '', 'http://scce.kalen25115.cn/qrcode/3D79B88B-EC75-500E-66B1-9D6229A00282.png'),
(496, '41524553', 5, '2016-04-29', 5, 2, 1, '例会', 1461715288, 1461719127, '', 'http://scce.kalen25115.cn/qrcode/C5A6F411-04D2-D871-26E0-B37A2F0CB34D.png'),
(497, 'S20150662', 3, '2016-04-27', 3, 4, 3, '实验室周会', 1461719581, 1461723446, '', 'http://scce.kalen25115.cn/qrcode/45EBA03C-A683-95F7-3D13-9E9B0ACAF400.png'),
(498, '41356110', 4, '2016-04-28', 7, 2, 1, '党校培训组织学习', 1461721218, 1461723450, '', 'http://scce.kalen25115.cn/qrcode/D72165A5-AB77-4EC1-C42E-A73D162354F1.png'),
(499, 'S20140826', 3, '2016-04-27', 4, 4, 1, '导师开会', 1461724411, 1461725271, '', 'http://scce.kalen25115.cn/qrcode/4C414248-DE70-B671-29F1-F1AB35CD6C3C.png'),
(500, '41524196', 5, '2016-04-29', 4, 7, 1, '团日活动', 1461728306, 1461738474, '', 'http://scce.kalen25115.cn/qrcode/3FAA7641-56B8-D0E2-3ED8-3783AC375E9A.png'),
(501, '41524509', 4, '2016-04-28', 4, 2, 3, '新生奖学金评议', 1461740184, 1461743668, '', 'http://scce.kalen25115.cn/qrcode/3A9A72CA-0891-F416-D8D5-16E588FDAD93.png'),
(502, '41358011', 4, '2016-04-28', 4, 2, 2, '开会', 1461741560, 1461743682, '有安排', ''),
(503, '41524424', 5, '2016-04-29', 5, 3, 1, '班级期中复习串讲', 1461769577, 1461806814, '', 'http://scce.kalen25115.cn/qrcode/661E580E-64E4-34DE-D779-94B9DC0BAD3D.png'),
(504, 'G20158650', 4, '2016-04-28', 4, 4, 3, '开组会', 1461810795, 1461810809, '', 'http://scce.kalen25115.cn/qrcode/7D42324C-3934-AA9C-76D6-8ADDD7307F3F.png'),
(505, '41358011', 4, '2016-04-28', 4, 5, 0, '开会', 1461818116, 0, NULL, NULL),
(506, 'ustb806', 4, '2017-06-08', 4, 7, 0, 'sdas', 1496903455, 0, NULL, NULL);

-- --------------------------------------------------------

--
-- 表的结构 `pre_arrangement`
--

CREATE TABLE `pre_arrangement` (
  `id` int(11) NOT NULL,
  `date_id` int(11) NOT NULL,
  `classroom_id` int(11) NOT NULL,
  `time_id` int(11) NOT NULL,
  `content` varchar(255) NOT NULL,
  `type` tinyint(4) NOT NULL,
  `start_date` varchar(50) NOT NULL,
  `end_date` varchar(50) NOT NULL
) ENGINE=InnoDB DEFAULT CHARSET=utf8;

--
-- 转存表中的数据 `pre_arrangement`
--

INSERT INTO `pre_arrangement` (`id`, `date_id`, `classroom_id`, `time_id`, `content`, `type`, `start_date`, `end_date`) VALUES
(1, 1, 1, 1, '数值计算方法\n王志明\n9-10,12,14,16周', 1, '2016-04-26', '2016-06-20'),
(2, 3, 1, 1, '数值计算方法\n王志明\n9-16周', 1, '2016-04-26', '2016-06-20'),
(3, 1, 1, 2, '数值计算方法\n王志明\n9-10,12,14,16周', 1, '2016-04-26', '2016-06-20'),
(4, 4, 1, 2, '数值计算方法\n王志明\n9-16周', 1, '2016-04-26', '2016-06-20'),
(5, 2, 1, 1, '信号与系统概论\n涂佳静\n9-16周', 1, '2016-04-26', '2016-06-20'),
(6, 4, 1, 1, '信号与系统概论\n涂佳静\n9-16周', 1, '2016-04-26', '2016-06-20'),
(7, 2, 1, 1, '信号与系统概论\n王先梅\n1-8周', 1, '2016-03-01', '2016-04-25'),
(8, 4, 1, 1, '信号与系统概论\n王先梅\n1-8周', 1, '2016-03-01', '2016-04-25'),
(9, 1, 1, 5, '微机原理及接口技术B\n解仑\n1-12周', 1, '2016-03-01', '2016-05-23'),
(10, 5, 1, 5, '微机原理及接口技术B\n解仑\n1-13周', 1, '2016-03-01', '2016-05-30'),
(11, 2, 1, 2, '计算机组成原理\n张晓彤\n5-16周', 1, '2016-03-29', '2016-06-20'),
(12, 5, 1, 2, '计算机组成原理\n张晓彤\n5-16周', 1, '2016-03-29', '2016-06-20'),
(13, 2, 1, 4, '计算机组成原理\n刘宏岚\n5-16周', 1, '2016-03-29', '2016-06-20'),
(14, 5, 1, 1, '计算机组成原理\n刘宏岚\n5-16周', 1, '2016-03-29', '2016-06-20'),
(15, 1, 1, 4, '计算机组成原理\n阿孜古丽\n5-16周', 1, '2016-03-29', '2016-06-20'),
(16, 3, 1, 2, '计算机组成原理\n阿孜古丽\n5-16周', 1, '2016-03-29', '2016-06-20'),
(17, 3, 1, 5, '信息安全的数学基础\n王昭顺\n9-16周', 1, '2016-04-26', '2016-06-20'),
(18, 5, 1, 4, '信息安全的数学基础\n王昭顺\n9-16周', 1, '2016-04-26', '2016-06-20'),
(19, 4, 1, 5, '信号与系统\n米振强\n1-12周', 1, '2016-03-01', '2016-05-23'),
(20, 2, 2, 1, '机器人组成原理\n石志国\n9-16周', 1, '2016-04-26', '2016-06-20'),
(21, 4, 2, 1, '机器人组成原理\n石志国\n9-16周', 1, '2016-04-26', '2016-06-20'),
(22, 1, 1, 3, '网络安全与管理\n陈红松\n1-3,5-8周', 1, '2016-03-01', '2016-04-25'),
(23, 3, 1, 3, '网络安全与管理\n陈红松\n1-3,5-8周', 1, '2016-03-01', '2016-04-25'),
(24, 2, 1, 3, '网络安全与管理\n郭茜\n9-15周', 1, '2016-04-26', '2016-06-13'),
(25, 4, 1, 3, '网络安全与管理\n郭茜\n9-15周', 1, '2016-04-26', '2016-06-13'),
(26, 1, 1, 2, '现代交换技术\n马忠贵\n1-7周', 1, '2016-03-01', '2016-04-18'),
(27, 4, 1, 2, '现代交换技术\n马忠贵\n1-7周', 1, '2016-03-01', '2016-04-18'),
(28, 2, 1, 3, '现代交换技术\n李新宇\n1-7周', 1, '2016-03-01', '2016-04-18'),
(29, 4, 1, 3, '现代交换技术\n李新宇\n1-7周', 1, '2016-03-01', '2016-04-18'),
(30, 1, 2, 4, '数值计算方法\n李建江\n1-7周', 1, '2016-03-01', '2016-04-18'),
(31, 3, 2, 4, '数值计算方法\n李建江\n1-6周', 1, '2016-03-01', '2016-04-11'),
(32, 1, 2, 1, '信息论与编码B\n朱岩\n1-5,7-11周', 1, '2016-03-01', '2016-05-16'),
(33, 3, 2, 1, '信息论与编码B\n朱岩\n1-11周', 1, '2016-03-01', '2016-05-16'),
(34, 1, 1, 1, '算法设计基础\n罗熊\n1-5周', 1, '2016-03-01', '2016-04-04'),
(35, 3, 1, 1, '算法设计基础\n罗熊\n1-6周', 1, '2016-03-01', '2016-04-11'),
(36, 1, 2, 3, 'Web开发技术\n石志国\n13-16周', 1, '2016-05-24', '2016-06-20'),
(37, 4, 2, 3, 'Web开发技术\n石志国\n9-16周', 1, '2016-04-26', '2016-06-20'),
(38, 1, 2, 5, '多媒体通信技术\n杨扬\n9-13周', 1, '2016-04-26', '2016-05-30'),
(39, 3, 2, 5, '多媒体通信技术\n杨扬\n9-13周', 1, '2016-04-26', '2016-05-30'),
(40, 5, 2, 4, '多媒体通信技术\n杨扬\n9-14周', 1, '2016-04-26', '2016-06-06'),
(41, 3, 1, 4, '卫星通信系统(双语)\n冯莉芳\n1-8周', 1, '2016-03-01', '2016-04-25'),
(42, 5, 1, 4, '卫星通信系统(双语)\n冯莉芳\n1-8周', 1, '2016-03-01', '2016-04-25'),
(43, 2, 1, 5, '智能机器人控制\n刘欣\n5-8周', 1, '2016-03-29', '2016-04-25'),
(44, 5, 1, 3, '智能机器人控制\n刘欣\n1-8周', 1, '2016-03-01', '2016-04-25'),
(45, 3, 1, 5, '并行计算导论\n李建江\n1-6周', 1, '2016-03-01', '2016-04-11'),
(46, 2, 3, 1, '物联网控制基础\n郝卫东\n9-16周', 1, '2016-04-26', '2016-06-20'),
(47, 4, 3, 1, '物联网控制基础\n郝卫东\n9-16周', 1, '2016-04-26', '2016-06-20'),
(48, 3, 3, 6, '大学生工程创新\n王志良\n1-16周', 1, '2016-03-01', '2016-06-20'),
(49, 1, 3, 4, '大学的学习和科学研究方法\n彭云峰\n9-12周', 1, '2016-04-26', '2016-05-23'),
(50, 3, 3, 5, '大学的学习和科学研究方法\n彭云峰\n9-12周', 1, '2016-04-26', '2016-05-23');

-- --------------------------------------------------------

--
-- 表的结构 `time`
--

CREATE TABLE `time` (
  `id` int(11) NOT NULL,
  `time_info` text NOT NULL
) ENGINE=InnoDB DEFAULT CHARSET=utf8;

--
-- 转存表中的数据 `time`
--

INSERT INTO `time` (`id`, `time_info`) VALUES
(1, '08:00-09:35'),
(2, '09:55-11:30'),
(3, '13:30-15:05'),
(4, '15:20-16:55'),
(5, '17:10-18:45'),
(6, '19:30-21:05'),
(7, '21:30之后');

-- --------------------------------------------------------

--
-- 表的结构 `user`
--

CREATE TABLE `user` (
  `id` int(11) NOT NULL,
  `username` varchar(9) NOT NULL,
  `name` varchar(12) NOT NULL,
  `unit_info` varchar(15) NOT NULL,
  `mobile_number` varchar(11) NOT NULL,
  `user_type` tinyint(4) NOT NULL,
  `last_order_time` int(11) DEFAULT NULL
) ENGINE=InnoDB DEFAULT CHARSET=utf8;

--
-- 转存表中的数据 `user`
--

INSERT INTO `user` (`id`, `username`, `name`, `unit_info`, `mobile_number`, `user_type`, `last_order_time`) VALUES
(1, '41524120', '武健宇', '计1501', '18810553882', 0, 0),
(2, '41524147', '杨阳', '计1502', '13031775151', 0, 0),
(3, '41524175', '张国栋', '计1503', '15510008867', 0, 0),
(4, '41524196', '王志陶', '计1504', '18810555690', 0, 0),
(5, '41524553', '高鸣飞', '信安1502', '13051800303', 0, 0),
(6, '41524345', '李卓珩', '通信1502', '15911108137', 0, 0),
(7, '41524382', '陆家祺', '通信1503', '18810560013', 0, 0),
(8, '41524424', '薛杰', '通信1504', '17801002923', 0, 0),
(9, '41524604', '王继隆', '物联1501', '18810570117', 0, 0),
(10, '41524641', '孙业天', '物联1502', '13121969633', 0, 0),
(11, '41456002', '王毅达', '通信1401', '17888835938', 0, 0),
(12, '41456035', '付炳豪', '通信1402', '18618193967', 0, 0),
(13, '41456085', '谢雅婷', '通信1403', '17888835925', 0, 0),
(14, '41456116', '廉文瀚', '通信1404', '18813176288', 0, 0),
(15, '41459009', '李继璇', '信安1401', '13001259434', 0, 0),
(16, '41459052', '钟讯辉', '信安1402', '17888838538', 0, 0),
(17, '41455011', '李宇鹏', '计科1401', '15321098846', 0, 0),
(18, '41455032', '尹珺珞', '计科1402', '13822221111', 0, 0),
(19, '41455068', '李子朝', '计科1403', '13439076524', 0, 0),
(20, '41455099', '杨石兵', '计科1404', '13001205934', 0, 0),
(21, '41458022', '姜志祥', '物联1401', '18401644088', 0, 0),
(22, '41458031', '卫玲蔚', '物联1402', '17888838381', 0, 0),
(23, '41355001', '马立洋', '计算机1301', '18813128451', 0, 0),
(24, '41355058', '梁泰琳', '计算机1302', '1881312834', 0, 0),
(25, '41355066', '朱维忠', '计算机1303', '15901288335', 0, 0),
(26, '41355116', '曹龙鹏', '计算机1304', '18813128654', 0, 0),
(27, '41359002', '马啸', '信安1301', '18813127951', 0, 0),
(28, '41359031', '王立志', '信安1302', '15910927133', 0, 0),
(29, '41357015', '张亚磊', '电信13', '13240308032', 0, 0),
(30, '41356026', '赵建雄', '通信1301', '18813128693', 0, 0),
(31, '41356060', '谢圆琰', '通信1302', '18672737858', 0, 0),
(32, '41356076', '金麟', '通信1303', '18641559882', 0, 0),
(33, '41356110', '汪洋', '通信1304', '18655603896', 0, 0),
(34, '41358011', '李宏扬', '物联1301', '15210118693', 0, 0),
(35, '41358045', '岳宁宁', '物联1302', '18813128685', 0, 0),
(36, '41255012', '李威', '计1201', '18510481502', 0, 0),
(37, '41255042', '严畅', '计1202', '18811347151', 0, 0),
(38, '41255062', '卜靖', '计1203', '13263207867', 0, 0),
(39, '41255109', '陈文会', '计1204', '13269521109', 0, 0),
(40, '41259005', '田款阳', '信安1201', '18811347056', 0, 0),
(41, '41259055', '钱彦璇', '信安1202', '15652936832', 0, 0),
(42, '41256032', '燕江宝', '通信1201', '18511288027', 0, 0),
(43, '41256038', '邬炳科', '通信1202', '18811346841', 0, 0),
(44, '41256083', '罗宇飞', '通信1203', '18910427039', 0, 0),
(45, '41256098', '王晨', '通信1204', '13031144780', 0, 0),
(46, '41257027', '崔璨', '电信12', '18811346692', 0, 0),
(47, '41355011', '李壮', '物联12', '18811346743', 0, 0),
(48, 'S20140826', '王晓冉', '研1401', '15201458587', 1, 0),
(49, 'S20140838', '郭宇', '研1402', '17801063527', 1, 0),
(50, 'G20148585', '张天宇', '研1403', '18888824681', 1, 0),
(51, 'G20148600', '刘娜', '研1404', '15201441979', 1, 0),
(52, 'S20140888', '李希飞', '研1405', '15201166651', 1, 0),
(53, 'G20148617', '王风儿', '研1406', '18611458054', 1, 0),
(54, 'S20140929', '郝洺', '研1407', '15910561650', 1, 0),
(55, 'S20150662', '王金全', '研1501', '18810698187', 1, 0),
(56, 'S20150670', '傅麟', '研1502', '18810350175', 1, 0),
(57, 'G20158577', '任晖', '研1503', '18810604202', 1, 0),
(58, 'S20150710', '胡璁', '研1504', '18810604213', 1, 0),
(59, 'S20150728', '王子豪', '研1505', '17801001552', 1, 0),
(60, 'S20150738', '闫创', '研1506', '18810686656', 1, 0),
(61, 'G20158650', '张在兴', '研1507', '13051508603', 1, 0),
(62, 'b20100429', '田澍', '博10级', '15901014398', 1, 0),
(63, 'B20110404', '李岩', '博11级', '18500198795', 1, 0),
(64, 'B20120410', '闫琰', '博12级', '15811000808', 1, 0),
(65, 'B20120412', '祝文明', '博12级', '18911522397', 1, 0),
(66, 'B20120396', '肖鹏', '博12级', '13426031143', 1, 0),
(67, 'B20130381', '李治', '博13级', '13269529385', 1, 0),
(68, 'B20140390', '冉祥栋', '博14级', '18910062556', 1, 0),
(69, 'S20130939', '姜波', '研131班', '13401103410', 1, 0),
(70, 's20130958', '韩晴晴', '研132班', '18511586981', 1, 0),
(71, 's20130970', '孙海林', '研133班', '13269505530', 1, 0),
(72, 'S20131008', '贺媛媛', '研134班', '15210604249', 1, 0),
(73, 'S20130999', '樊春美', '研135班', '18813125013', 1, 0),
(74, 'S20131020', '林皓', '研136班', '15210566092', 1, 0),
(75, 'S20131065', '刘茜', '研137班', '15210580896', 1, 0),
(76, 'A8803369', '周霞', '办公室', '13693168661', 2, 0),
(77, 'B0902036', '金田', '办公室', '13810508419', 2, 0),
(78, 'B0901349', '滕丽丽', '办公室', '13810044220', 2, 0),
(79, 'A9704055', '黄武南', '办公室', '13910967510', 2, 0),
(80, 'B0901243', '苏栋', '办公室', '13671325980', 2, 0),
(81, 'B1303767', '郑海梅', '办公室', '18910412032', 2, 0),
(82, 'B0305351', '李宁', '办公室', '13520361539', 2, 0),
(83, 'B1104660', '黄融', '辅导员', '13810569280', 2, 0),
(84, 'B1105559', '蒋灵斌', '辅导员', '13720003362', 2, 0),
(85, 'B1202335', '孙佳佳', '辅导员', '13466377726', 2, 0),
(86, 'B1205986', '陈凯', '辅导员', '13466693854', 2, 0),
(87, 'B1205562', '于群', '辅导员', '13488788613', 2, 0),
(88, 'B1303131', '马力', '辅导员', '13811741569', 2, 0),
(89, 'L130048', '王基镔', '辅导员', '15210561621', 2, 0),
(90, 'B1421238', '刘幸', '辅导员', '15201441344', 2, 0),
(91, 'B1421344', '张媛钰', '辅导员', '15201441857', 2, 0),
(92, 'B0711983', '阿孜古丽', '计算机系', '13911983933', 2, 0),
(93, 'A9605805', '包宏', '计算机系', '13651032508', 2, 0),
(94, 'A9802578', '段世红', '计算机系', '13701323176', 2, 0),
(95, 'B0003438', '洪源', '计算机系', '13311187551', 2, 0),
(96, 'B0313345', '胡长军', '计算机系', '13911508631', 2, 0),
(97, 'B1008995', '李扬', '计算机系', '13810044300', 2, 0),
(98, 'B0508690', '李建江', '计算机系', '13691088109', 2, 0),
(99, 'A9507064', '刘宏岚', '计算机系', '13717516983', 2, 0),
(100, 'A9503998', '刘宏伟', '计算机系', '13501298646', 2, 0),
(101, 'B0614783', '罗熊', '计算机系', '13811134985', 2, 0),
(102, 'B0702878', '齐悦', '计算机系', '13611351006', 2, 0),
(103, 'A8305576', '尚小卫', '计算机系', '13001088211', 2, 0),
(104, 'A9508605', '孙义', '计算机系', '13661018971', 2, 0),
(105, 'A8503572', '王沁', '计算机系', '13311185851', 2, 0),
(106, 'A9000438', '王成耀', '计算机系', '13681162609', 2, 0),
(107, 'B0707161', '王洪泊', '计算机系', '13691371077', 2, 0),
(108, 'A9304467', '王昭顺', '计算机系', '13520555528', 2, 0),
(109, 'B0310754', '王志明', '计算机系', '13671188846', 2, 0),
(110, 'A9101446', '王忠民', '计算机系', '13601132551', 2, 0),
(111, 'A9206686', '王宗杰', '计算机系', '13910633992', 2, 0),
(112, 'A7801887', '夏克俭', '计算机系', '13910620849', 2, 0),
(113, 'A9104779', '谢永红', '计算机系', '13621263104', 2, 0),
(114, 'B0201752', '姚宣霞', '计算机系', '13671086439', 2, 0),
(115, 'B0805472', '殷绪成', '计算机系', '13810223098', 2, 0),
(116, 'A9901576', '曾庆峰', '计算机系', '13801215750', 2, 0),
(117, 'A9605375', '张爽', '计算机系', '13501092040', 2, 0),
(118, 'B0508584', '张桃红', '计算机系', '13901398848', 2, 0),
(119, 'B0003332', '张晓彤', '计算机系', '13911983568', 2, 0),
(120, 'A9506701', '周芳', '计算机系', '13661221208', 2, 0),
(121, 'B1503243', '何杰', '计算机系', '13810512567', 2, 0),
(122, 'B1308262', '宁焕生', '计算机系', '13601317155', 2, 0),
(123, 'B1401866', '毛凌锋', '计算机系', '13301548118', 2, 0),
(124, 'B1423142', '王睿', '计算机系', '13910148280', 2, 0),
(125, 'B1411022', '张立宁', '计算机系', '18518136808', 2, 0),
(126, 'B1529817', '殷君君', '计算机系', '13260015764', 2, 0),
(127, 'B1307575', '苏亚', '计算机系', '13331166160', 2, 0),
(128, 'B0611132', '陈红松', '软件工程系', '13693256468', 2, 0),
(129, 'B0801240', '李莉', '软件工程系', '18601209150', 2, 0),
(130, 'B0900344', '孙昌爱', '软件工程系', '13641386936', 2, 0),
(131, 'B0300220', '曾广平', '软件工程系', '13811864716', 2, 0),
(132, 'B0203656', '张德政', '软件工程系', '13301179533', 2, 0),
(133, 'B1011434', '张冬艳', '软件工程系', '18611731605', 2, 0),
(134, 'B1409270', '郭茜', '软件工程系', '18310921125', 2, 0),
(135, 'B1424571', '何啸', '软件工程系', '13488778670', 2, 0),
(136, 'B1300116', '朱岩', '软件工程系', '13121328791', 2, 0),
(137, 'B0600759', '安建伟', '通信系', '13520704010', 2, 0),
(138, 'B0208681', '陈月云', '通信系', '13621263103', 2, 0),
(139, 'B0612137', '杜利平', '通信系', '13522680099', 2, 0),
(140, 'B1109473', '冯莉芳', '通信系', '13716866088', 2, 0),
(141, 'B0508372', '黄旗明', '通信系', '13552225817', 2, 0),
(142, 'B0206671', '李新宇', '通信系', '13683684150', 2, 0),
(143, 'B1403240', '林福宏', '通信系', '13811164070', 2, 0),
(144, 'B1011111', '隆克平', '通信系', '18911608909', 2, 0),
(145, 'B0613354', '马忠贵', '通信系', '13683154972', 2, 0),
(146, 'B1101009', '彭云峰', '通信系', '13880719187', 2, 0),
(147, 'B0513351', '唐波', '通信系', '13810209512', 2, 0),
(148, 'B0508266', '王建萍', '通信系', '13520155779', 2, 0),
(149, 'B0409268', '王丽娜', '通信系', '13717543518', 2, 0),
(150, 'B1100852', '阳小龙', '通信系', '13911644647', 2, 0),
(151, 'A8802576', '杨扬', '通信系', '13910703149', 2, 0),
(152, 'B0403026', '杨裕亮', '通信系', '13717654610', 2, 0),
(153, 'B1111649', '张中山', '通信系', '18610562032', 2, 0),
(154, 'B0103547', '周贤伟', '通信系', '13311187533', 2, 0),
(155, 'B1100958', '刘健', '通信系', '15908128596', 2, 0),
(156, 'B1305989', '米振强', '通信系', '18601057051', 2, 0),
(157, 'B1420233', '皇甫伟', '通信系', '13911163520', 2, 0),
(158, 'PS130028', '王曦元', '通信系', '13683017454', 2, 0),
(159, 'B1308050', '孙奇福', '通信系', '15217935881', 2, 0),
(160, 'B1415890', '路慧敏', '通信系', '13391983872', 2, 0),
(161, 'B1415360', '许海涛', '通信系', '15201452932', 2, 0),
(162, 'B1428379', '涂佳静', '通信系', '18401650293', 2, 0),
(163, 'B1429814', '戴晓明', '通信系', '13693342392', 2, 0),
(164, 'B1508804', '陈媛', '通信系', '18701677782', 2, 0),
(165, 'B1305247', '周娴', '通信系', '13426083123', 2, 0),
(166, 'A9403253', '董平', '电子系', '18600838228', 2, 0),
(167, 'A9502887', '郝卫东', '电子系', '13910289369', 2, 0),
(168, 'B0810981', '胡四泉', '电子系', '13683689711', 2, 0),
(169, 'B0204237', '解仑', '电子系', '13681560734', 2, 0),
(170, 'B0508796', '李刚', '电子系', '18618125558', 2, 0),
(171, 'B0808487', '石志国', '电子系', '13910661167', 2, 0),
(172, 'A9901682', '王先梅', '电子系', '13717743263', 2, 0),
(173, 'A9102769', '王志良', '电子系', '13910727340', 2, 0),
(174, 'B1507369', '刘欣', '电子系', '13581751428', 2, 0),
(175, 'B1417476', '李莎', '电子系', '18612254947', 2, 0),
(176, 'A8200760', '韩伯涛', '基础系', '13522883103', 2, 0),
(177, 'B0610021', '黄小璐', '基础系', '13691543639', 2, 0),
(178, 'A8006360', '刘莲英', '基础系', '13811318263', 2, 0),
(179, 'B0602027', '屈微', '基础系', '13311329579', 2, 0),
(180, 'B1210329', '万亚东', '基础系', '13811112466', 2, 0),
(181, 'B0701131', '汪红兵', '基础系', '13693067816', 2, 0),
(182, 'B1110220', '武航星', '基础系', '13521834368', 2, 0),
(183, 'A8006148', '姚琳', '基础系', '13661206225', 2, 0),
(184, 'B1101115', '张敏', '基础系', '13730608217', 2, 0),
(185, 'B0412449', '边胜琴', '实验中心', '13661026929', 2, 0),
(186, 'B0306674', '付洪威', '实验中心', '13611295980', 2, 0),
(187, 'A8006254', '蒋逸凡', '实验中心', '15711120899', 2, 0),
(188, 'A8402034', '金波', '实验中心', '13901076890', 2, 0),
(189, 'A7905168', '李淑惠', '实验中心', '13520218053', 2, 0),
(190, 'A8001547', '刘长平', '实验中心', '13501384742', 2, 0),
(191, 'A9405793', '田军峰', '实验中心', '13701275189', 2, 0),
(192, 'B0803674', '王小妹', '实验中心', '13581797775', 2, 0),
(193, 'B1005556', '魏星', '实验中心', '18701156322', 2, 0),
(194, 'B0504246', '姚红串', '实验中心', '15210920915', 2, 0),
(195, 'B0906056', '张磊', '实验中心', '13811710515', 2, 0),
(196, 'B0905051', '郑榕', '实验中心', '13641084908', 2, 0),
(197, 'B1111331', '李爽', '实验中心', '13911523039', 2, 0),
(198, 'B1203446', '于泓', '实验中心', '13466719262', 2, 0),
(199, 'B1304242', '杨晟淞', '实验中心', '18600338877', 2, 0),
(200, 'B1407578', '崔晓龙', '实验中心', '18810332434', 2, 0),
(201, 'ustb806', '开发人员', '806实验室', '8068068806', 0, NULL),
(202, 'B1540562', '李毅萍', '辅导员', '18618204032', 2, NULL),
(203, 'S20130971', '王基镔', '辅导员', '15210561621', 2, NULL),
(204, 'S20140922', '张媛钰', '辅导员', '15201441857', 2, NULL),
(205, 'S20140917', '翟文洁', '辅导员', '15201458665', 2, NULL),
(206, 'S20140892', '刘幸', '辅导员', '15201441344', 2, NULL),
(207, 'B1540668', '杨耀东', '辅导员', '18612529165', 2, NULL),
(208, '41256063', '靳京', '辅导员', '13001222533', 2, NULL),
(209, 'S20131502', '杨明明', '辅导员', '15210606388', 2, NULL),
(210, 'S20140916', '扎依达', '辅导员', '13051508087', 2, NULL),
(211, 'A7801145', '孙铁', '自动化学院', '13611324361', 2, NULL),
(212, '41524509', '汝灿', '信安1501', '18701331501', 1, NULL),
(213, 'jttuanxue', '计通团学', '计通团学', '无', 2, NULL);

--
-- Indexes for dumped tables
--

--
-- Indexes for table `admin`
--
ALTER TABLE `admin`
  ADD PRIMARY KEY (`id`);

--
-- Indexes for table `arrangement`
--
ALTER TABLE `arrangement`
  ADD PRIMARY KEY (`id`);

--
-- Indexes for table `classroom`
--
ALTER TABLE `classroom`
  ADD PRIMARY KEY (`id`);

--
-- Indexes for table `class_time`
--
ALTER TABLE `class_time`
  ADD PRIMARY KEY (`id`);

--
-- Indexes for table `date`
--
ALTER TABLE `date`
  ADD PRIMARY KEY (`id`),
  ADD UNIQUE KEY `id` (`id`);

--
-- Indexes for table `guid`
--
ALTER TABLE `guid`
  ADD PRIMARY KEY (`guid`),
  ADD UNIQUE KEY `guid` (`guid`),
  ADD KEY `guid_2` (`guid`);

--
-- Indexes for table `order`
--
ALTER TABLE `order`
  ADD PRIMARY KEY (`id`);

--
-- Indexes for table `pre_arrangement`
--
ALTER TABLE `pre_arrangement`
  ADD PRIMARY KEY (`id`),
  ADD UNIQUE KEY `id` (`id`);

--
-- Indexes for table `time`
--
ALTER TABLE `time`
  ADD PRIMARY KEY (`id`),
  ADD UNIQUE KEY `id` (`id`),
  ADD KEY `id_2` (`id`);

--
-- Indexes for table `user`
--
ALTER TABLE `user`
  ADD PRIMARY KEY (`id`),
  ADD UNIQUE KEY `id` (`id`),
  ADD UNIQUE KEY `username` (`username`);

--
-- 在导出的表使用AUTO_INCREMENT
--

--
-- 使用表AUTO_INCREMENT `admin`
--
ALTER TABLE `admin`
  MODIFY `id` int(11) NOT NULL AUTO_INCREMENT, AUTO_INCREMENT=2;
--
-- 使用表AUTO_INCREMENT `arrangement`
--
ALTER TABLE `arrangement`
  MODIFY `id` int(11) NOT NULL AUTO_INCREMENT, AUTO_INCREMENT=821;
--
-- 使用表AUTO_INCREMENT `classroom`
--
ALTER TABLE `classroom`
  MODIFY `id` tinyint(4) NOT NULL AUTO_INCREMENT, AUTO_INCREMENT=8;
--
-- 使用表AUTO_INCREMENT `class_time`
--
ALTER TABLE `class_time`
  MODIFY `id` int(11) NOT NULL AUTO_INCREMENT;
--
-- 使用表AUTO_INCREMENT `date`
--
ALTER TABLE `date`
  MODIFY `id` int(11) NOT NULL AUTO_INCREMENT, AUTO_INCREMENT=8;
--
-- 使用表AUTO_INCREMENT `order`
--
ALTER TABLE `order`
  MODIFY `id` int(11) NOT NULL AUTO_INCREMENT, AUTO_INCREMENT=507;
--
-- 使用表AUTO_INCREMENT `pre_arrangement`
--
ALTER TABLE `pre_arrangement`
  MODIFY `id` int(11) NOT NULL AUTO_INCREMENT, AUTO_INCREMENT=51;
--
-- 使用表AUTO_INCREMENT `time`
--
ALTER TABLE `time`
  MODIFY `id` int(11) NOT NULL AUTO_INCREMENT, AUTO_INCREMENT=8;
--
-- 使用表AUTO_INCREMENT `user`
--
ALTER TABLE `user`
  MODIFY `id` int(11) NOT NULL AUTO_INCREMENT, AUTO_INCREMENT=214;
/*!40101 SET CHARACTER_SET_CLIENT=@OLD_CHARACTER_SET_CLIENT */;
/*!40101 SET CHARACTER_SET_RESULTS=@OLD_CHARACTER_SET_RESULTS */;
/*!40101 SET COLLATION_CONNECTION=@OLD_COLLATION_CONNECTION */;
